name,traits,cost,ability,stats
Tristana,"['Yordle', 'Gunner']",1,"{'desc': 'Gain <TFTBonus>@ModifiedAttackSpeed@ (%i:scaleAP%)</TFTBonus> Attack Speed for @Duration@ seconds. For the duration, attacks explode on impact and deal <physicalDamage>@BonusDamage@ (%i:scaleAD%)</physicalDamage> physical damage to enemies within 1 hex.<br><br>4-Star Upgrade: Every @NumberOfAttacks@th attack deals <physicalDamage>@4StarShotDamage@ (%i:scaleAD%)</physicalDamage> bonus physical damage and ricochets to the largest clump of enemies, dealing <physicalDamage>@ExplosionDamage@ (%i:scaleAD%)</physicalDamage> physical damage to enemies within 1 hex.', 'icon': 'ASSETS/Characters/TFT9_Tristana/HUD/Icons2D/TFT9_Tristana_Q.TFT_Set9.dds', 'name': 'Rapid Fire', 'variables': [{'name': 'AttackSpeed', 'value': [0.699999988079071, 0.699999988079071, 0.699999988079071, 0.699999988079071, 0.699999988079071, 0.699999988079071, 0.699999988079071]}, {'name': 'Duration', 'value': [4.0, 4.0, 4.0, 4.0, 4.0, 4.0, 4.0]}, {'name': 'PercentAttackDamage', 'value': [0.6000000238418579, 0.6000000238418579, 0.6000000238418579, 0.6000000238418579, 0.6000000238418579, 0.6000000238418579, 0.6000000238418579]}, {'name': 'EmpoweredBonus', 'value': [1.0, 1.0, 1.0, 1.0, 1.0, 1.0, 1.0]}, {'name': 'ExplosionPercent', 'value': [0.5, 0.5, 0.5, 0.5, 0.5, 0.5, 0.5]}, {'name': 'NumberOfAttacks', 'value': [10.0, 10.0, 10.0, 10.0, 10.0, 10.0, 10.0]}, {'name': 'HexRadius', 'value': [1.0, 1.0, 1.0, 1.0, 1.0, 1.0, 1.0]}]}","{'armor': 15.0, 'attackSpeed': 0.699999988079071, 'critChance': 0.25, 'critMultiplier': 1.399999976158142, 'damage': 45.0, 'hp': 400.0, 'initialMana': 0, 'magicResist': 15.0, 'mana': 40.0, 'range': 4.0}"
Irelia,"['Ionia', 'Challenger']",1,"{'desc': 'Enter a defensive stance and gain <TFTBonus>@ModifiedShield@ (%i:scaleAP%)</TFTBonus> Shield that rapidly decays over @ShieldDuration@ seconds. When it expires, deal <magicDamage>@ModifiedBaseStrikeDamage@ (%i:scaleAP%)</magicDamage> magic damage + <magicDamage>@PercentShieldDamage*100@%</magicDamage> of the damage absorbed to enemies around and in front of Irelia.<br><br>Ionia Bonus: <TFTBonus>+@TooltipIoniaBonus@</TFTBonus> Armor and Magic Resist', 'icon': 'ASSETS/Characters/TFT9_Irelia/HUD/Icons2D/TFT9_Irelia_Passive.TFT_Set9.dds', 'name': 'Defiant Dance', 'variables': [{'name': 'ShieldDuration', 'value': [3.0, 3.0, 3.0, 3.0, 3.0, 3.0, 3.0]}, {'name': 'ShieldHealth', 'value': [200.0, 350.0, 400.0, 450.0, 1000.0, 1200.0, 1400.0]}, {'name': 'StrikeBaseDamage', 'value': [50.0, 70.0, 100.0, 150.0, 250.0, 300.0, 350.0]}, {'name': 'PercentShieldDamage', 'value': [0.30000001192092896, 0.30000001192092896, 0.30000001192092896, 0.30000001192092896, 0.30000001192092896, 0.30000001192092896, 0.30000001192092896]}, {'name': 'TooltipIoniaBonus', 'value': [40.0, 40.0, 40.0, 40.0, 40.0, 40.0, 40.0]}]}","{'armor': 40.0, 'attackSpeed': 0.6499999761581421, 'critChance': 0.25, 'critMultiplier': 1.399999976158142, 'damage': 50.0, 'hp': 700.0, 'initialMana': 40.0, 'magicResist': 40.0, 'mana': 80.0, 'range': 1.0}"
Aatrox,"['Darkin', 'Slayer', 'Juggernaut']",5,"{'desc': 'Transform for @Duration@ seconds, gaining <TFTBonus>@ModifiedOmnivamp@ (%i:scaleAP%)</TFTBonus> <TFTKeyword>Omnivamp</TFTKeyword> and converting @ADPerASConversion*100@% of bonus Attack Speed to Attack Damage. While transformed, attacks deal <physicalDamage>@GreatswordDamage@ (%i:scaleAD%)</physicalDamage> physical damage in an area.<br><br><rules><tftbold>Omnivamp:</tftbold> Heal for percentage of damage dealt</rules>', 'icon': 'ASSETS/Characters/TFT9_Aatrox/HUD/Icons2D/TFT9_Aatrox_R.TFT_Set9.dds', 'name': 'World Ender', 'variables': [{'name': 'Duration', 'value': [10.0, 10.0, 10.0, 30.0, 10.0, 10.0, 10.0]}, {'name': 'Omnivamp', 'value': [0.15000000596046448, 0.15000000596046448, 0.15000000596046448, 0.15000000596046448, 0.15000000596046448, 0.15000000596046448, 0.15000000596046448]}, {'name': 'GreatswordADRatio', 'value': [0.0, 2.5, 2.5, 25.0, 0.0, 0.0, 0.0]}, {'name': 'ADPerASConversion', 'value': [0.800000011920929, 0.800000011920929, 0.800000011920929, 0.800000011920929, 0.800000011920929, 0.800000011920929, 0.800000011920929]}, {'name': 'MovementSpeed', 'value': [700.0, 700.0, 700.0, 700.0, 700.0, 700.0, 700.0]}]}","{'armor': 60.0, 'attackSpeed': 0.800000011920929, 'critChance': 0.25, 'critMultiplier': 1.399999976158142, 'damage': 80.0, 'hp': 1100.0, 'initialMana': 0, 'magicResist': 60.0, 'mana': 60.0, 'range': 1.0}"
Ahri,"['Ionia', 'Sorcerer']",5,"{'desc': 'Steal essence from enemies around the current target, dealing <magicDamage>@ModifiedEssenceDamage@ (%i:scaleAP%)</magicDamage> magic damage and <TFTKeyword>Mana Reaving</TFTKeyword> them. <br><br>Every <scaleLevel>@ActualBoomTooltip@</scaleLevel> casts, unleash a wave that deals <magicDamage>@ModifiedMagicDamage@ (%i:scaleAP%)</magicDamage> magic damage to all enemies hit. This deals <magicDamage>@EssenceStolenMultiplier*100@%</magicDamage> more damage to enemies whose essence has been stolen.<br><br>Ionia Bonus: <TFTBonus>+@TooltipIoniaBonus@</TFTBonus> Mana per second<br><br><rules><tftbold>Mana Reave</tftbold>: Increase max Mana by 35% until the next cast</rules>', 'icon': 'ASSETS/Characters/TFT9_Ahri/HUD/Icons2D/Icons_TFT9_Ahri_R.TFT_Set9.dds', 'name': 'Essence Thief', 'variables': [{'name': 'MagicDamage', 'value': [0.0, 250.0, 375.0, 3000.0, 0.0, 0.0, 0.0]}, {'name': 'EssenceDamage', 'value': [0.0, 115.0, 170.0, 1000.0, 0.0, 0.0, 0.0]}, {'name': 'NumCastsToBoom', 'value': [2.0, 2.0, 2.0, 0.0, 2.0, 2.0, 2.0]}, {'name': 'EssenceStolenMultiplier', 'value': [0.33000001311302185, 0.33000001311302185, 0.33000001311302185, 0.33000001311302185, 0.33000001311302185, 0.33000001311302185, 0.33000001311302185]}, {'name': 'TooltipIoniaBonus', 'value': [3.0, 3.0, 3.0, 3.0, 3.0, 3.0, 3.0]}, {'name': 'TooltipReave', 'value': [35.0, 35.0, 35.0, 35.0, 35.0, 35.0, 35.0]}]}","{'armor': 40.0, 'attackSpeed': 0.8500000238418579, 'critChance': 0.25, 'critMultiplier': 1.399999976158142, 'damage': 50.0, 'hp': 850.0, 'initialMana': 0, 'magicResist': 40.0, 'mana': 50.0, 'range': 4.0}"
Akshan,"['Shurima', 'Deadeye']",3,"{'desc': 'Lock on to the farthest enemy and unleash a hail of @NumBullets@ shots toward them. Each deals<br><physicalDamage>@TotalDamage@ (%i:scaleAD%%i:scaleAP%)</physicalDamage> physical damage to the first enemy hit.', 'icon': 'ASSETS/Characters/TFT9_Akshan/HUD/Icons2D/TFT9_Akshan_R.TFT_Set9.dds', 'name': 'Comeuppance', 'variables': [{'name': 'NumBullets', 'value': [6.0, 6.0, 6.0, 6.0, 6.0, 6.0, 6.0]}, {'name': 'ADRatio', 'value': [1.25, 1.25, 1.25, 1.25, 1.25, 1.25, 1.25]}, {'name': 'BaseDamage', 'value': [0.0, 20.0, 35.0, 60.0, 0.0, 0.0, 0.0]}]}","{'armor': 25.0, 'attackSpeed': 0.75, 'critChance': 0.25, 'critMultiplier': 1.399999976158142, 'damage': 65.0, 'hp': 700.0, 'initialMana': 30.0, 'magicResist': 25.0, 'mana': 90.0, 'range': 4.0}"
Ashe,"['Freljord', 'Deadeye']",2,"{'desc': 'Fire @Shots@ arrows in a cone, each dealing <physicalDamage>@ArrowDamage@ (%i:scaleAD%)</physicalDamage> physical damage to the first enemy hit and <TFTKeyword>Chilling</TFTKeyword> them for <TFTBonus>@ModifiedDuration@ (%i:scaleAP%)</TFTBonus> seconds.<br><br><rules><tftbold>Chill:</tftbold> Reduce Attack Speed by @Chill@%</rules>', 'icon': 'ASSETS/Characters/TFT9_Ashe/HUD/Icons2D/TFT9_Ashe_W.TFT_Set9.dds', 'name': 'Volley', 'variables': [{'name': 'ADPercent', 'value': [0.0, 1.25, 1.25, 1.2999999523162842, 0.0, 0.0, 0.0]}, {'name': 'BonusDamage', 'value': [10.0, 10.0, 10.0, 10.0, 10.0, 10.0, 10.0]}, {'name': 'Shots', 'value': [0.0, 8.0, 8.0, 8.0, 0.0, 0.0, 0.0]}, {'name': 'Duration', 'value': [2.0, 2.0, 2.0, 2.0, 2.0, 2.0, 2.0]}, {'name': 'Chill', 'value': [30.0, 30.0, 30.0, 30.0, 30.0, 30.0, 30.0]}]}","{'armor': 20.0, 'attackSpeed': 0.699999988079071, 'critChance': 0.25, 'critMultiplier': 1.399999976158142, 'damage': 50.0, 'hp': 600.0, 'initialMana': 30.0, 'magicResist': 20.0, 'mana': 60.0, 'range': 4.0}"
Azir,"['Shurima', 'Strategist']",4,"{'desc': '<spellPassive>Passive:</spellPassive> Every third attack, a Sand Soldier deals <magicDamage>@ModifiedMagicDamage@ (%i:scaleAP%)</magicDamage> magic damage to their target.<br><br><spellActive>Active:</spellActive> Summon a Sand Soldier to attack your target. If Azir already has @MaxSummons@ Soldiers, they all immediately deal <magicDamage>@MaxSoldierStrike@ (%i:scaleAP%)</magicDamage> magic damage instead.', 'icon': 'ASSETS/Characters/TFT9_Azir/HUD/Icons2D/TFT9_Azir_W.TFT_Set9.dds', 'name': 'Arise!', 'variables': [{'name': 'BaseMagicDamage', 'value': [35.0, 95.0, 140.0, 500.0, 500.0, 500.0, 500.0]}, {'name': 'Duration', 'value': [90.0, 90.0, 90.0, 90.0, 90.0, 90.0, 90.0]}, {'name': 'MaxSummons', 'value': [3.0, 3.0, 3.0, 3.0, 3.0, 3.0, 3.0]}, {'name': 'BonusRatio', 'value': [0.699999988079071, 0.699999988079071, 0.699999988079071, 0.699999988079071, 0.699999988079071, 0.699999988079071, 0.699999988079071]}]}","{'armor': 30.0, 'attackSpeed': 0.75, 'critChance': 0.25, 'critMultiplier': 1.399999976158142, 'damage': 30.0, 'hp': 750.0, 'initialMana': 40.0, 'magicResist': 30.0, 'mana': 50.0, 'range': 4.0}"
Bel'Veth,"['Void', 'Empress']",5,"{'desc': ""Lash out at the lowest Health enemy in range <TFTBonus>@ModifiedNumStrikes@ (%i:scaleAS%)</TFTBonus> times. Each lash deals <physicalDamage>@TotalDamage@ (%i:scaleAD%%i:scaleAP%)</physicalDamage> physical damage and <trueDamage>@PercentHealthTrueDamage*100@%</trueDamage> of the target's max Health as true damage."", 'icon': 'ASSETS/Characters/TFT9_BelVeth/HUD/Icons2D/TFT9_BelVethE.TFT_Set9.dds', 'name': 'Royal Maelstrom', 'variables': [{'name': 'Duration', 'value': [1.5, 1.5, 1.5, 4.0, 1.5, 1.5, 1.5]}, {'name': 'NumStrikes', 'value': [5.0, 6.0, 6.0, 30.0, 9.0, 10.0, 11.0]}, {'name': 'PercentAD', 'value': [0.75, 0.75, 0.75, 0.75, 0.75, 0.75, 0.75]}, {'name': 'PercentHealthTrueDamage', 'value': [0.019999999552965164, 0.019999999552965164, 0.019999999552965164, 0.019999999552965164, 0.019999999552965164, 0.019999999552965164, 0.019999999552965164]}, {'name': 'BonusFlatDamage', 'value': [20.0, 20.0, 30.0, 50.0, 60.0, 70.0, 80.0]}]}","{'armor': 50.0, 'attackSpeed': 0.8500000238418579, 'critChance': 0.25, 'critMultiplier': 1.399999976158142, 'damage': 80.0, 'hp': 1100.0, 'initialMana': 0, 'magicResist': 50.0, 'mana': 55.0, 'range': 2.0}"
Cho'Gath,"['Void', 'Bruiser']",1,"{'desc': 'Deal <magicDamage>@TotalDamage@ (%i:scaleHealth%%i:scaleAP%)</magicDamage> magic damage to the lowest Health enemy in range. If this kills them, devour them and permanently gain <scaleHealth>@BonusHealthOnKill@</scaleHealth> maximum Health <rules>(doubled in Hyper Roll)</rules>. <br><br><rules>(Current Bonus: +@TFTUnitProperty.:TFT9_ChoGathBonusHealth@ Health)</rules>', 'icon': 'ASSETS/Characters/Chogath/HUD/Icons2D/GreenTerror_Feast.dds', 'name': 'Feast', 'variables': [{'name': 'PercentMaximumHealthDamage', 'value': [0.10000000149011612, 0.10000000149011612, 0.10000000149011612, 0.10000000149011612, 0.10000000149011612, 0.10000000149011612, 0.10000000149011612]}, {'name': 'BonusDamage', 'value': [140.0, 250.0, 335.0, 450.0, 380.0, 440.0, 500.0]}, {'name': 'BonusHealthOnKill', 'value': [30.0, 30.0, 30.0, 30.0, 30.0, 30.0, 30.0]}]}","{'armor': 30.0, 'attackSpeed': 0.5, 'critChance': 0.25, 'critMultiplier': 1.399999976158142, 'damage': 50.0, 'hp': 700.0, 'initialMana': 30.0, 'magicResist': 30.0, 'mana': 90.0, 'range': 1.0}"
Darius,"['Noxus', 'Juggernaut']",3,"{'desc': 'Deal <physicalDamage>@TotalDamage@ (%i:scaleAD%%i:scaleAP%)</physicalDamage> physical damage to the current target. If they die, immediately cast this again with <scaleLevel>@PercentDamageFalloff*100@%</scaleLevel> damage.', 'icon': 'ASSETS/Characters/Darius/HUD/Icons2D/Darius_Icon_Sudden_Death.dds', 'name': 'Noxian Guillotine', 'variables': [{'name': 'AttackDamagePercent', 'value': [3.5, 3.5, 3.5, 3.5, 3.5, 3.5, 3.5]}, {'name': 'FearDuration', 'value': [1.0, 1.0, 1.0, 1.0, 1.0, 1.0, 1.0]}, {'name': 'AbilityScaleDamage', 'value': [100.0, 100.0, 120.0, 150.0, 100.0, 100.0, 100.0]}, {'name': 'PercentDamageFalloff', 'value': [0.0, 0.8199999928474426, 0.8500000238418579, 0.8999999761581421, 0.0, 0.0, 0.0]}]}","{'armor': 50.0, 'attackSpeed': 0.75, 'critChance': 0.25, 'critMultiplier': 1.399999976158142, 'damage': 70.0, 'hp': 750.0, 'initialMana': 30.0, 'magicResist': 50.0, 'mana': 90.0, 'range': 1.0}"
Ekko,"['Zaun', 'Piltover', 'Rogue']",3,"{'desc': 'Heal <scaleHealth>@HealPercent*100@%</scaleHealth> of damage taken in the last @RewindTime@ seconds and deal <magicDamage>@ModifiedDamage@ (%i:scaleAP%)</magicDamage> magic damage to the current target.', 'icon': 'ASSETS/Characters/TFT9_Ekko/HUD/Icons2D/TFT9_Ekko_E.TFT_Set9.dds', 'name': 'Phase Dive', 'variables': [{'name': 'Damage', 'value': [0.0, 290.0, 435.0, 710.0, 0.0, 0.0, 0.0]}, {'name': 'HealPercent', 'value': [0.20000000298023224, 0.20000000298023224, 0.20000000298023224, 0.20000000298023224, 0.20000000298023224, 0.20000000298023224, 0.20000000298023224]}, {'name': 'RewindTime', 'value': [4.0, 4.0, 4.0, 4.0, 4.0, 4.0, 4.0]}, {'name': 'RollDuration', 'value': [0.4000000059604645, 0.4000000059604645, 0.4000000059604645, 0.4000000059604645, 0.4000000059604645, 0.4000000059604645, 0.4000000059604645]}]}","{'armor': 40.0, 'attackSpeed': 0.800000011920929, 'critChance': 0.25, 'critMultiplier': 1.399999976158142, 'damage': 50.0, 'hp': 800.0, 'initialMana': 0, 'magicResist': 40.0, 'mana': 45.0, 'range': 1.0}"
Garen,"['Demacia', 'Juggernaut']",3,"{'desc': 'Spin <TFTBonus>@SpinsTooltip@ (%i:scaleAS%)</TFTBonus> times every second for the next <TFTBonus>@ModifiedDuration@ (%i:scaleAP%)</TFTBonus> seconds. Each spin deals <physicalDamage>@TotalDamage@ (%i:scaleAD%)</physicalDamage> physical damage to adjacent enemies.', 'icon': 'ASSETS/Characters/Garen/HUD/Icons2D/Garen_E1.dds', 'name': 'Judgement', 'variables': [{'name': 'SpinDuration', 'value': [4.0, 4.0, 4.0, 4.0, 4.0, 4.0, 4.0]}, {'name': 'BaseTicks', 'value': [1.7999999523162842, 1.7999999523162842, 1.7999999523162842, 1.7999999523162842, 1.7999999523162842, 1.7999999523162842, 1.7999999523162842]}, {'name': 'DamagePerTick', 'value': [15.0, 0.699999988079071, 0.7200000286102295, 0.75, 115.0, 140.0, 165.0]}, {'name': 'ASPerTickTooltip', 'value': [55.0, 55.0, 55.0, 55.0, 55.0, 55.0, 55.0]}, {'name': 'SpinsPerLaunchAttack', 'value': [3.0, 3.0, 3.0, 3.0, 3.0, 3.0, 3.0]}]}","{'armor': 45.0, 'attackSpeed': 0.75, 'critChance': 0.25, 'critMultiplier': 1.399999976158142, 'damage': 70.0, 'hp': 850.0, 'initialMana': 0, 'magicResist': 45.0, 'mana': 80.0, 'range': 1.0}"
Gwen,"['Shadow Isles', 'Slayer']",4,"{'desc': 'Dash around the current target and snip @Snips@ times in a cone, each dealing <magicDamage>@ModifiedMagicDamage@ (%i:scaleAP%)</magicDamage> magic damage to enemies hit.<br><br>Every @CastCountForMist@ casts, gain <TFTBonus>@MistResists@</TFTBonus> Armor and Magic Resist for <scaleLevel>@MistDuration@</scaleLevel> seconds.', 'icon': 'ASSETS/Characters/Gwen/HUD/Icons2D/Gwen_E.dds', 'name': 'Snip Snip!', 'variables': [{'name': 'Snips', 'value': [3.0, 3.0, 3.0, 3.0, 3.0, 3.0, 3.0]}, {'name': 'MagicDamage', 'value': [0.0, 100.0, 150.0, 500.0, 0.0, 0.0, 0.0]}, {'name': 'MistDuration', 'value': [3.0, 2.0, 2.5, 4.0, 3.0, 3.0, 3.0]}, {'name': 'CastCountForMist', 'value': [3.0, 3.0, 3.0, 3.0, 3.0, 3.0, 3.0]}, {'name': 'MistResists', 'value': [150.0, 120.0, 120.0, 300.0, 150.0, 150.0, 150.0]}]}","{'armor': 50.0, 'attackSpeed': 0.800000011920929, 'critChance': 0.25, 'critMultiplier': 1.399999976158142, 'damage': 55.0, 'hp': 1000.0, 'initialMana': 0, 'magicResist': 50.0, 'mana': 35.0, 'range': 2.0}"
Heimerdinger,"['Piltover', 'Yordle', 'Technogenius']",5,"{'desc': 'Hurl a grenade towards the largest group of enemies, dealing <magicDamage>@ModifiedDamage@ (%i:scaleAP%)</magicDamage> magic damage to enemies in a large area and Stunning them for <scaleLevel>@StunDuration@</scaleLevel> seconds.<br><br>4-Star Upgrade: YES YES YES, IT WORKS!!!', 'icon': 'ASSETS/Characters/TFT9_Heimerdinger/HUD/Icons2D/TFT9_Heimerdinger_E1.TFT_Set9.dds', 'name': 'CH-3X Lightning Grenade', 'variables': [{'name': 'Damage', 'value': [0.0, 150.0, 225.0, 3141.0, 3141.0, 90.0, 90.0]}, {'name': 'StunDuration', 'value': [3.0, 1.5, 2.0, 15.0, 45.0, 3.0, 3.0]}]}","{'armor': 30.0, 'attackSpeed': 0.75, 'critChance': 0.25, 'critMultiplier': 1.399999976158142, 'damage': 40.0, 'hp': 750.0, 'initialMana': 80.0, 'magicResist': 30.0, 'mana': 160.0, 'range': 4.0}"
Jarvan IV,"['Demacia', 'Strategist']",4,"{'desc': 'Leap on a nearby enemy. Deal <magicDamage>@TotalDamage@ (%i:scaleAP%)</magicDamage> magic damage to enemies within @HexRadius@ hexes and Stun them for <scaleLevel>@StunDuration@</scaleLevel> seconds.', 'icon': 'ASSETS/Characters/TFT9_JarvanIV/HUD/Icons2D/TFT9_JarvanIV_Cataclysm.TFT_Set9.dds', 'name': 'Cataclysm', 'variables': [{'name': 'StunDuration', 'value': [2.5, 1.75, 2.25, 8.0, 2.5, 2.5, 2.5]}, {'name': 'SearchRange', 'value': [3.0, 3.0, 3.0, 3.0, 3.0, 3.0, 3.0]}, {'name': 'Damage', 'value': [0.0, 140.0, 210.0, 800.0, 0.0, 0.0, 0.0]}, {'name': 'HexRadius', 'value': [2.0, 2.0, 2.0, 2.0, 2.0, 2.0, 2.0]}]}","{'armor': 60.0, 'attackSpeed': 0.6499999761581421, 'critChance': 0.25, 'critMultiplier': 1.399999976158142, 'damage': 60.0, 'hp': 1000.0, 'initialMana': 100.0, 'magicResist': 60.0, 'mana': 180.0, 'range': 1.0}"
Jayce,"['Piltover', 'Gunner']",3,"{'desc': 'Grant <TFTBonus>@ModifiedPercentAttackSpeed@ (%i:scaleAP%)</TFTBonus> Attack Speed to Jayce and allies on his left and right for @Duration@ seconds. Fire a blast at the current target that explodes on the first enemy hit. It deals <physicalDamage>@TotalDamage@ (%i:scaleAD%)</physicalDamage> physical damage to enemies near the blast.', 'icon': 'ASSETS/Characters/TFT9_Jayce/HUD/Icons2D/TFT9_Jayce_ShotBlast.TFT_Set9.dds', 'name': 'Acceleration Blast', 'variables': [{'name': 'PercentAttackSpeed', 'value': [0.5, 0.20000000298023224, 0.25, 0.30000001192092896, 0.5, 0.5, 0.5]}, {'name': 'Duration', 'value': [3.0, 3.0, 3.0, 3.0, 3.0, 3.0, 3.0]}, {'name': 'PercentAttackDamage', 'value': [0.0, 2.4000000953674316, 2.4000000953674316, 2.5, 0.0, 0.0, 0.0]}, {'name': 'HexRange', 'value': [1.0, 1.0, 1.0, 1.0, 1.0, 1.0, 1.0]}, {'name': 'TooltipPercentAttackDamage', 'value': [0.0, 240.0, 240.0, 250.0, 0.0, 0.0, 0.0]}]}","{'armor': 25.0, 'attackSpeed': 0.75, 'critChance': 0.25, 'critMultiplier': 1.399999976158142, 'damage': 65.0, 'hp': 700.0, 'initialMana': 40.0, 'magicResist': 25.0, 'mana': 120.0, 'range': 4.0}"
Jinx,"['Zaun', 'Gunner']",2,"{'desc': 'Fire @NumberOfRockets@ rockets at random enemies within @HexRadius@ hexes of the current target. Each rocket deals <physicalDamage>@TotalDamage@ (%i:scaleAD%%i:scaleAP%)</physicalDamage> physical damage.', 'icon': 'ASSETS/Characters/TFT9_Jinx/HUD/Icons2D/TFT9_Jinx_Q1.TFT_Set9.dds', 'name': 'Fishbones!', 'variables': [{'name': 'NumberOfRockets', 'value': [5.0, 5.0, 5.0, 5.0, 5.0, 5.0, 5.0]}, {'name': 'HexRadius', 'value': [2.0, 2.0, 2.0, 2.0, 2.0, 2.0, 2.0]}, {'name': 'PercentAttackDamage', 'value': [0.0, 1.3300000429153442, 1.3300000429153442, 1.399999976158142, 0.0, 0.0, 0.0]}, {'name': 'AbilityScaleDamage', 'value': [20.0, 10.0, 15.0, 25.0, 20.0, 20.0, 20.0]}]}","{'armor': 20.0, 'attackSpeed': 0.75, 'critChance': 0.25, 'critMultiplier': 1.399999976158142, 'damage': 55.0, 'hp': 600.0, 'initialMana': 0, 'magicResist': 20.0, 'mana': 75.0, 'range': 4.0}"
Kai'Sa,"['Void', 'Challenger']",4,"{'desc': 'Dash away from all enemies, then fire <scaleLevel>@NumMissiles@</scaleLevel> missiles split across the @NumTargets@ nearest enemies. Each missile deals <magicDamage>@TotalDamage@ (%i:scaleAP%)</magicDamage> magic damage.', 'icon': 'ASSETS/Characters/TFT9_KaiSa/HUD/Icons2D/TFT9_KaiSa_W.TFT_Set9.dds', 'name': 'Icathian Rain', 'variables': [{'name': 'NumMissiles', 'value': [12.0, 15.0, 15.0, 25.0, 20.0, 22.0, 24.0]}, {'name': 'BaseDamage', 'value': [0.0, 75.0, 111.0, 300.0, 0.0, 0.0, 0.0]}, {'name': 'NumTargets', 'value': [4.0, 4.0, 4.0, 4.0, 4.0, 4.0, 4.0]}]}","{'armor': 35.0, 'attackSpeed': 0.800000011920929, 'critChance': 0.25, 'critMultiplier': 1.399999976158142, 'damage': 45.0, 'hp': 850.0, 'initialMana': 40.0, 'magicResist': 35.0, 'mana': 110.0, 'range': 4.0}"
Karma,"['Ionia', 'Invoker']",3,"{'desc': 'Fire a burst of energy that explodes upon impact, dealing <magicDamage>@ModifiedDamage@ (%i:scaleAP%)</magicDamage> magic damage to adjacent enemies. Every third cast launches @EmpoweredBursts@ bursts.<br><br>Ionia Bonus: <TFTBonus>+@TooltipIoniaBonus@</TFTBonus> Ability Power', 'icon': 'ASSETS/Characters/TFT9_Karma/HUD/Icons2D/TFT9_Karma_Q1.TFT_Set9.dds', 'name': 'Inner Flame', 'variables': [{'name': 'MagicDamage', 'value': [0.0, 155.0, 230.0, 390.0, 0.0, 0.0, 0.0]}, {'name': 'TooltipIoniaBonus', 'value': [30.0, 30.0, 30.0, 30.0, 30.0, 30.0, 30.0]}, {'name': 'EmpoweredBursts', 'value': [3.0, 3.0, 3.0, 3.0, 3.0, 3.0, 3.0]}]}","{'armor': 25.0, 'attackSpeed': 0.699999988079071, 'critChance': 0.25, 'critMultiplier': 1.399999976158142, 'damage': 45.0, 'hp': 700.0, 'initialMana': 0, 'magicResist': 25.0, 'mana': 50.0, 'range': 4.0}"
Katarina,"['Noxus', 'Rogue']",3,"{'desc': 'Throw three daggers that land next to enemies within <TFTBonus>@SpellRange@ (%i:scaleRange%)</TFTBonus> hexes. Then, teleport to each and deal <magicDamage>@ModifiedDamage@ (%i:scaleAP%)</magicDamage> magic damage to adjacent enemies and <TFTKeyword>Wound</TFTKeyword> them for @WoundDuration@ seconds.<br><br><rules><tftbold>Wound:</tftbold> Reduce healing received by @WoundPercent*100@%</rules>', 'icon': 'ASSETS/Characters/TFT9_Katarina/HUD/Icons2D/TFT9_Katarina_W.TFT_Set9.dds', 'name': 'Voracity', 'variables': [{'name': 'Damage', 'value': [0.0, 145.0, 220.0, 360.0, 0.0, 0.0, 0.0]}, {'name': 'WoundPercent', 'value': [0.33000001311302185, 0.33000001311302185, 0.33000001311302185, 0.33000001311302185, 0.33000001311302185, 0.33000001311302185, 0.33000001311302185]}, {'name': 'WoundDuration', 'value': [6.0, 6.0, 6.0, 6.0, 6.0, 6.0, 6.0]}, {'name': 'BonusSpellRange', 'value': [1.0, 1.0, 1.0, 1.0, 1.0, 1.0, 1.0]}]}","{'armor': 40.0, 'attackSpeed': 0.75, 'critChance': 0.25, 'critMultiplier': 1.399999976158142, 'damage': 50.0, 'hp': 800.0, 'initialMana': 20.0, 'magicResist': 40.0, 'mana': 80.0, 'range': 1.0}"
Kled,"['Noxus', 'Yordle', 'Slayer']",2,"{'desc': '<spellPassive>Passive:</spellPassive> Start combat with <TFTBonus>@Shield@ (%i:scaleHealth%)</TFTBonus> Shield. When it expires, dismount and gain <TFTBonus>@ModifiedAttackSpeedPercent@ (%i:scaleAP%)</TFTBonus> stacking Attack Speed for the rest of combat.<br><br><spellActive>Active:</spellActive> Remount and gain <TFTBonus>@Shield@ (%i:scaleHealth%)</TFTBonus> Shield.<br><br>4-Star Upgrade: Execute enemies under @ExecuteThreshold@% Health.', 'icon': 'ASSETS/Characters/Kled/HUD/Icons2D/Kled_R.dds', 'name': 'Skaaaaaaarl!', 'variables': [{'name': 'ShieldPercent', 'value': [0.30000001192092896, 0.30000001192092896, 0.30000001192092896, 0.30000001192092896, 0.30000001192092896, 0.30000001192092896, 0.30000001192092896]}, {'name': 'AttackSpeedPercent', 'value': [0.550000011920929, 0.6000000238418579, 0.6499999761581421, 0.699999988079071, 0.75, 0.800000011920929, 0.8500000238418579]}, {'name': 'ExecuteThreshold', 'value': [25.0, 25.0, 25.0, 25.0, 25.0, 25.0, 25.0]}]}","{'armor': 40.0, 'attackSpeed': 0.75, 'critChance': 0.25, 'critMultiplier': 1.399999976158142, 'damage': 58.0, 'hp': 550.0, 'initialMana': 0, 'magicResist': 40.0, 'mana': 175.0, 'range': 1.0}"
K'Sante,"['Shurima', 'Bastion']",5,"{'desc': ""Knock up the current target before smashing them to the edge of the battlefield. Deal <br><magicDamage>@ModifiedDamage@ (%i:scaleAP%)</magicDamage> magic damage and Stun them for <scaleLevel>@StunDuration@</scaleLevel> seconds. Deal <magicDamage>@CollisionDamage@ (%i:scaleAP%)</magicDamage> magic damage to enemies the target collides with and Stun them for <scaleLevel>@SecondaryStunDuration@</scaleLevel> second.<br><br>If the target can't be pushed back any further, knock them off the battlefield. Otherwise, K'Sante will chase after them."", 'icon': 'ASSETS/Characters/TFT9_KSante/HUD/Icons2D/Icons_TFT9_KSante_R2.TFT_Set9.dds', 'name': 'All Out Strike', 'variables': [{'name': 'Damage', 'value': [0.0, 250.0, 400.0, 1000.0, 0.0, 0.0, 0.0]}, {'name': 'StunDuration', 'value': [0.0, 2.0, 2.5, 10.0, 0.0, 0.0, 0.0]}, {'name': 'SecondaryStunDuration', 'value': [0.0, 1.0, 1.25, 5.0, 0.0, 0.0, 0.0]}, {'name': 'CollisionPercent', 'value': [0.5, 0.5, 0.5, 0.5, 0.5, 0.5, 0.5]}]}","{'armor': 60.0, 'attackSpeed': 0.699999988079071, 'critChance': 0.25, 'critMultiplier': 1.399999976158142, 'damage': 60.0, 'hp': 1000.0, 'initialMana': 0, 'magicResist': 60.0, 'mana': 60.0, 'range': 1.0}"
Lissandra,"['Freljord', 'Invoker']",3,"{'desc': 'Stun the current target for @StunDuration@ seconds and deal <magicDamage>@ModifiedDamage@ (%i:scaleAP%)</magicDamage> magic damage to enemies within 2 hexes of them. They take @DamageAmp*100@% more damage for the next @DebuffDuration@ seconds.', 'icon': 'ASSETS/Characters/TFT9_Lissandra/HUD/Icons2D/TFT9_Lissandra_R.TFT_Set9.dds', 'name': 'Frozen Tomb', 'variables': [{'name': 'Damage', 'value': [0.0, 160.0, 240.0, 400.0, 160.0, 200.0, 240.0]}, {'name': 'StunDuration', 'value': [2.0, 2.0, 2.0, 2.0, 2.0, 2.0, 2.0]}, {'name': 'DebuffDuration', 'value': [4.0, 4.0, 4.0, 4.0, 4.0, 4.0, 4.0]}, {'name': 'DamageAmp', 'value': [0.10000000149011612, 0.10000000149011612, 0.10000000149011612, 0.10000000149011612, 0.10000000149011612, 0.10000000149011612, 0.10000000149011612]}]}","{'armor': 40.0, 'attackSpeed': 0.699999988079071, 'critChance': 0.25, 'critMultiplier': 1.399999976158142, 'damage': 50.0, 'hp': 800.0, 'initialMana': 30.0, 'magicResist': 40.0, 'mana': 90.0, 'range': 2.0}"
Lux,"['Demacia', 'Sorcerer']",4,"{'desc': 'Channel a barrage of light at the current target that deals <magicDamage>@ModifiedDamage@ (%i:scaleAP%)</magicDamage> magic damage over <scaleLevel>@Duration@</scaleLevel> seconds, reducing their Magic Resist by <scaleLevel>@Shred@</scaleLevel> every second. If they die, shift to a new target.', 'icon': 'ASSETS/Characters/Lux/HUD/Icons2D/LuxFinaleFunkeln.dds', 'name': 'Torrent of Light', 'variables': [{'name': 'Duration', 'value': [3.0, 3.0, 3.0, 3.0, 3.0, 3.0, 3.0]}, {'name': 'Damage', 'value': [0.0, 750.0, 1125.0, 3333.0, 0.0, 0.0, 0.0]}, {'name': 'Shred', 'value': [0.0, 15.0, 15.0, 50.0, 0.0, 0.0, 0.0]}]}","{'armor': 30.0, 'attackSpeed': 0.699999988079071, 'critChance': 0.25, 'critMultiplier': 1.399999976158142, 'damage': 45.0, 'hp': 750.0, 'initialMana': 25.0, 'magicResist': 30.0, 'mana': 45.0, 'range': 4.0}"
Orianna,"['Piltover', 'Sorcerer']",1,"{'desc': 'Grant the lowest Health ally <TFTBonus>@ModifiedShielding@ (%i:scaleAP%)</TFTBonus> Shield for @ShieldDuration@ seconds. When the Shield expires, it deals <magicDamage>@ModifiedDamage@ (%i:scaleAP%)</magicDamage> magic damage to adjacent enemies and <TFTKeyword>Chills</TFTKeyword> them for @ChillDuration@ seconds.<br><br><rules><tftbold>Chill:</tftbold> Reduce Attack Speed by 30%</rules>', 'icon': 'ASSETS/Characters/TFT9_Orianna/HUD/Icons2D/TFT9_OriannaCommandAttack.TFT_Set9.dds', 'name': 'Command: Protect', 'variables': [{'name': 'ShieldHealth', 'value': [200.0, 225.0, 250.0, 325.0, 300.0, 325.0, 350.0]}, {'name': 'ShieldDuration', 'value': [4.0, 4.0, 4.0, 4.0, 4.0, 4.0, 4.0]}, {'name': 'MagicDamage', 'value': [50.0, 190.0, 285.0, 430.0, 250.0, 300.0, 350.0]}, {'name': 'ChillDuration', 'value': [3.0, 3.0, 3.0, 3.0, 3.0, 3.0, 3.0]}]}","{'armor': 15.0, 'attackSpeed': 0.699999988079071, 'critChance': 0.25, 'critMultiplier': 1.399999976158142, 'damage': 40.0, 'hp': 500.0, 'initialMana': 50.0, 'magicResist': 15.0, 'mana': 100, 'range': 4.0}"
Poppy,"['Yordle', 'Demacia', 'Bastion']",1,"{'desc': ""Gain <TFTBonus>@ModifiedShieldAmount@ (%i:scaleAP%)</TFTBonus> Shield for @ShieldDuration@ seconds. Deal <magicDamage>@ModifiedMagicDamage@ (%i:scaleAP%)</magicDamage> magic damage to the current target.<br><br>4-Star Upgrade: Knock the target into the largest clump of enemies, dealing <magicDamage>@PercentHealthDamage@%</magicDamage> of the target's max Health as magic damage to the target and <magicDamage>@CollisionDamagePercent@%</magicDamage> of that amount to the clump. Stun them for @StunDuration@ second."", 'icon': 'ASSETS/Characters/TFT9_Poppy/HUD/Icons2D/TFT9_Poppy_Q.TFT_Set9.dds', 'name': 'Steadfast Hammer', 'variables': [{'name': 'ShieldAmount', 'value': [120.0, 290.0, 310.0, 330.0, 350.0, 400.0, 400.0]}, {'name': 'ShieldDuration', 'value': [3.0, 3.0, 3.0, 3.0, 3.0, 3.0, 3.0]}, {'name': 'StunDuration', 'value': [1.0, 1.0, 1.0, 1.0, 1.0, 1.0, 1.0]}, {'name': 'CollisionDamagePercent', 'value': [15.0, 15.0, 15.0, 15.0, 15.0, 15.0, 15.0]}, {'name': 'HexRadius', 'value': [0.0, 0.0, 0.0, 0.0, 1.0, 0.0, 0.0]}, {'name': 'Damage', 'value': [0.0, 140.0, 210.0, 315.0, 315.0, 0.0, 0.0]}, {'name': 'PercentHealthDamage', 'value': [33.0, 33.0, 33.0, 33.0, 33.0, 33.0, 33.0]}]}","{'armor': 40.0, 'attackSpeed': 0.550000011920929, 'critChance': 0.25, 'critMultiplier': 1.399999976158142, 'damage': 45.0, 'hp': 600.0, 'initialMana': 90.0, 'magicResist': 40.0, 'mana': 150.0, 'range': 1.0}"
Shen,"['Ionia', 'Bastion', 'Invoker']",4,"{'desc': ""Gain <TFTBonus>@ModifiedSelfShieldAmount@ (%i:scaleAP%)</TFTBonus> Shield and grant <TFTBonus>@ModifiedAllyShieldAmount@ (%i:scaleAP%)</TFTBonus> Shield to the 2 lowest-Health allies for @ShieldDuration@ seconds. After shielding his allies, Shen's Shield refreshes with a burst, dealing <magicDamage>@ModifiedDamage@ (%i:scaleAP%)</magicDamage> magic damage to adjacent enemies.<br><br>Ionia Bonus: <TFTBonus>+@TooltipIoniaBonus@%</TFTBonus> Damage Reduction"", 'icon': 'ASSETS/Characters/Shen/HUD/Icons2D/Shen_Passive.dds', 'name': 'Ki Barrier', 'variables': [{'name': 'MagicDamage', 'value': [0.0, 240.0, 360.0, 2000.0, 0.0, 0.0, 0.0]}, {'name': 'AllyShieldAmount', 'value': [0.0, 275.0, 350.0, 1800.0, 0.0, 0.0, 0.0]}, {'name': 'SelfShieldAmount', 'value': [0.0, 350.0, 450.0, 2000.0, 0.0, 0.0, 0.0]}, {'name': 'ShieldDuration', 'value': [4.0, 4.0, 4.0, 4.0, 4.0, 4.0, 4.0]}, {'name': 'ChillDuration', 'value': [3.0, 3.0, 3.0, 3.0, 3.0, 3.0, 3.0]}, {'name': 'ChillAmount', 'value': [40.0, 40.0, 40.0, 40.0, 40.0, 40.0, 40.0]}, {'name': 'TooltipIoniaBonus', 'value': [10.0, 10.0, 10.0, 10.0, 10.0, 10.0, 10.0]}]}","{'armor': 60.0, 'attackSpeed': 0.6000000238418579, 'critChance': 0.25, 'critMultiplier': 1.399999976158142, 'damage': 60.0, 'hp': 1000.0, 'initialMana': 70.0, 'magicResist': 60.0, 'mana': 140.0, 'range': 1.0}"
Rek'Sai,"['Void', 'Bruiser']",3,"{'desc': 'Deal <physicalDamage>@TotalDamage@ (%i:scaleAD%)</physicalDamage> physical damage to the current target. If they are below @HealthThreshold*100@% Health, deal <br><trueDamage>@TooltipExecuteDamage@ (%i:scaleAD%%i:scaleAP%)</trueDamage> true damage instead.<br><br>If this kills the target, rip through them 1 hex and heal for <scaleHealth>@HealAmount@ (%i:scaleAP%%i:scaleHealth%)</scaleHealth>.', 'icon': 'ASSETS/Characters/RekSai/HUD/Icons2D/RekSai_E1.dds', 'name': 'Furious Bite', 'variables': [{'name': 'PercentOfAD', 'value': [2.5, 3.0, 3.0, 3.1500000953674316, 4.5, 5.0, 5.5]}, {'name': 'PercentMaxHealthHeal', 'value': [0.15000000596046448, 0.15000000596046448, 0.15000000596046448, 0.15000000596046448, 0.15000000596046448, 0.15000000596046448, 0.15000000596046448]}, {'name': 'HealthThreshold', 'value': [0.6000000238418579, 0.6000000238418579, 0.6000000238418579, 0.6000000238418579, 0.6000000238418579, 0.6000000238418579, 0.6000000238418579]}, {'name': 'EmpoweredDamageAmp', 'value': [0.20000000298023224, 0.20000000298023224, 0.20000000298023224, 0.20000000298023224, 0.20000000298023224, 0.20000000298023224, 0.20000000298023224]}]}","{'armor': 40.0, 'attackSpeed': 0.699999988079071, 'critChance': 0.25, 'critMultiplier': 1.399999976158142, 'damage': 65.0, 'hp': 800.0, 'initialMana': 30.0, 'magicResist': 40.0, 'mana': 75.0, 'range': 1.0}"
Renekton,"['Shurima', 'Bruiser']",1,"{'desc': 'Deal <magicDamage>@ModifiedDamage@ (%i:scaleAP%)</magicDamage> magic damage to adjacent enemies. Heal <scaleHealth>@ModifiedInitialHeal@ (%i:scaleAP%)</scaleHealth> for the first enemy hit and another <scaleHealth>@ModifiedKickerHeal@ (%i:scaleAP%)</scaleHealth> for each additional one.', 'icon': 'ASSETS/Characters/Renekton/HUD/Icons2D/Renekton_Q.dds', 'name': 'Cull the Meek', 'variables': [{'name': 'Damage', 'value': [25.0, 180.0, 270.0, 400.0, 525.0, 650.0, 775.0]}, {'name': 'InitialHeal', 'value': [170.0, 220.0, 270.0, 320.0, 370.0, 420.0, 470.0]}, {'name': 'KickerHeal', 'value': [30.0, 30.0, 30.0, 30.0, 30.0, 30.0, 30.0]}, {'name': 'HexRadius', 'value': [1.0, 1.0, 1.0, 1.0, 1.0, 1.0, 1.0]}]}","{'armor': 45.0, 'attackSpeed': 0.6000000238418579, 'critChance': 0.25, 'critMultiplier': 1.399999976158142, 'damage': 50.0, 'hp': 600.0, 'initialMana': 50.0, 'magicResist': 45.0, 'mana': 120.0, 'range': 1.0}"
Sejuani,"['Freljord', 'Bruiser']",4,"{'desc': '<spellPassive>Passive:</spellPassive> Whenever an ally attacks a <TFTKeyword>Chilled</TFTKeyword> enemy, they deal <trueDamage>@HealthDamage@ (%i:scaleHealth%)</trueDamage> bonus true damage.<br><br><spellActive>Active:</spellActive> Gain <TFTBonus>@ModifiedShield@ (%i:scaleAP%)</TFTBonus> Shield for @ShieldDuration@ seconds. Deal <magicDamage>@ModifiedDamage@ (%i:scaleAP%)</magicDamage> magic damage to nearby enemies and <TFTKeyword>Chill</TFTKeyword> them for @ShieldDuration@ seconds.<br><br><tftitemrules><tftbold>Chill:</tftbold> Reduce Attack Speed by 30%</tftitemrules>', 'icon': 'ASSETS/Characters/TFT9_Sejuani/HUD/Icons2D/TFT9_Sejuani_passive.TFT_Set9.dds', 'name': 'Fury of the North', 'variables': [{'name': 'Shield', 'value': [0.0, 600.0, 700.0, 2000.0, 0.0, 0.0, 0.0]}, {'name': 'Damage', 'value': [0.0, 160.0, 240.0, 1200.0, 0.0, 0.0, 0.0]}, {'name': 'ShieldDuration', 'value': [4.0, 4.0, 4.0, 4.0, 4.0, 4.0, 4.0]}, {'name': 'PercentHealth', 'value': [0.014999999664723873, 0.014999999664723873, 0.014999999664723873, 0.10000000149011612, 0.019999999552965164, 0.019999999552965164, 0.019999999552965164]}, {'name': 'ChillDuration', 'value': [4.0, 4.0, 4.0, 4.0, 4.0, 4.0, 4.0]}]}","{'armor': 60.0, 'attackSpeed': 0.6000000238418579, 'critChance': 0.25, 'critMultiplier': 1.399999976158142, 'damage': 60.0, 'hp': 1000.0, 'initialMana': 60.0, 'magicResist': 60.0, 'mana': 120.0, 'range': 1.0}"
Senna,"['Shadow Isles', 'Gunner', 'Redeemer']",5,"{'desc': 'Fire a massive beam at the furthest enemy, dealing <physicalDamage>@TotalDamage@ (%i:scaleAD%)</physicalDamage> physical damage to all enemies hit. Any allies hit gain <TFTBonus>@TotalShieldAmount@ (%i:scaleAP%)</TFTBonus> Shield for @ShieldDuration@ seconds.', 'icon': 'ASSETS/Characters/TFT9_Senna/HUD/Icons2D/TFT9_Senna_R.TFT_Set9.dds', 'name': 'Dawning Shadow', 'variables': [{'name': 'ADRatio', 'value': [0.0, 1.899999976158142, 2.0, 20.0, 0.0, 0.0, 0.0]}, {'name': 'ShieldAmount', 'value': [0.0, 250.0, 325.0, 4000.0, 0.0, 0.0, 0.0]}, {'name': 'ShieldDuration', 'value': [4.0, 4.0, 4.0, 15.0, 4.0, 4.0, 4.0]}]}","{'armor': 30.0, 'attackSpeed': 0.800000011920929, 'critChance': 0.25, 'critMultiplier': 1.399999976158142, 'damage': 65.0, 'hp': 900.0, 'initialMana': 75.0, 'magicResist': 30.0, 'mana': 150.0, 'range': 4.0}"
Sion,"['Noxus', 'Bruiser']",5,"{'desc': '<spellPassive>Passive:</spellPassive> Upon death, reanimate with <scaleHealth>@ReviveHealthPct*100@%</scaleHealth> Health, decaying at <scaleLevel>@DecayHealthPct*100@%</scaleLevel> maximum Health per second. Sion can no longer use his Ability, but is immune to crowd control and gains <br><TFTBonus>@ModifiedAttackSpeedPct@ (%i:scaleAP%)</TFTBonus> Attack Speed.<br><br><spellActive>Active:</spellActive> Charge towards the most enemies within <TFTBonus>@DashRangeTooltip@ (%i:scaleRange%)</TFTBonus> hexes. Deal <physicalDamage>@ModifiedDamage@ (%i:scaleAD%)</physicalDamage> physical damage to any enemies along the way and knock them up, Stunning them for <scaleLevel>@StunDuration@</scaleLevel> seconds.', 'icon': 'ASSETS/Characters/TFT9_Sion/HUD/Icons2D/TFT9_Sion_E.TFT_Set9.dds', 'name': 'Glory in Death', 'variables': [{'name': 'ADPercent', 'value': [0.0, 2.25, 2.3499999046325684, 5.0, 0.0, 0.0, 0.0]}, {'name': 'StunDuration', 'value': [0.0, 1.25, 1.5, 15.0, 0.0, 0.0, 0.0]}, {'name': 'ReviveHealthPct', 'value': [1.0, 1.0, 1.0, 1.0, 1.0, 1.0, 1.0]}, {'name': 'DecayHealthPct', 'value': [0.0, 0.11999999731779099, 0.07999999821186066, 0.0, 0.0, 0.0, 0.0]}, {'name': 'AttackSpeedPct', 'value': [1.5, 1.5, 1.5, 10.0, 1.5, 1.5, 1.5]}, {'name': 'MoveSpeed', 'value': [400.0, 400.0, 400.0, 800.0, 400.0, 400.0, 400.0]}, {'name': 'DashRangeBonus', 'value': [3.0, 3.0, 3.0, 3.0, 3.0, 3.0, 3.0]}, {'name': 'ThreeStarBonusAD', 'value': [0.0, 0.0, 0.0, 4.0, 0.0, 0.0, 0.0]}]}","{'armor': 60.0, 'attackSpeed': 0.6000000238418579, 'critChance': 0.25, 'critMultiplier': 1.399999976158142, 'damage': 70.0, 'hp': 1000.0, 'initialMana': 70.0, 'magicResist': 60.0, 'mana': 160.0, 'range': 1.0}"
Sona,"['Demacia', 'Multicaster']",3,"{'desc': 'Send a wave of sound at the largest clump of enemies and deal <magicDamage>@ModifiedDamage@ (%i:scaleAP%)</magicDamage> magic damage to enemies hit. Allies hit by the wave gain <TFTBonus>@AttackSpeed@%</TFTBonus> Attack Speed for @Duration@ seconds.', 'icon': 'ASSETS/Characters/TFT9_Sona/HUD/Icons2D/TFT9_Sona_R.TFT_Set9.dds', 'name': 'Crescendo', 'variables': [{'name': 'MagicDamage', 'value': [0.0, 105.0, 155.0, 255.0, 0.0, 0.0, 0.0]}, {'name': 'AttackSpeed', 'value': [0.0, 30.0, 35.0, 40.0, 0.0, 0.0, 0.0]}, {'name': 'Duration', 'value': [5.0, 5.0, 5.0, 5.0, 5.0, 5.0, 5.0]}]}","{'armor': 25.0, 'attackSpeed': 0.6499999761581421, 'critChance': 0.25, 'critMultiplier': 1.399999976158142, 'damage': 40.0, 'hp': 700.0, 'initialMana': 40.0, 'magicResist': 25.0, 'mana': 90.0, 'range': 4.0}"
Soraka,"['Targon', 'Invoker']",2,"{'desc': 'Heal the lowest health ally for <scaleHealth>@ModifiedHeal@ (%i:scaleAP%)</scaleHealth>. If the ally is below @EmpoweredHealThreshold*100@% Health, heal them for an additional <scaleHealth>@TooltipBonusHeal@ (%i:scaleAP%)</scaleHealth>. <br><br>Over the next @Duration@ seconds, @NumberOfStars@ stars hit the enemy closest to them. Each deals <magicDamage>@ModifiedMagicDamage@ (%i:scaleAP%)</magicDamage> magic damage.', 'icon': 'ASSETS/Characters/Soraka/HUD/Icons2D/Soraka_W.dds', 'name': 'Astral Infusion', 'variables': [{'name': 'Heal', 'value': [0.0, 200.0, 225.0, 250.0, 0.0, 0.0, 0.0]}, {'name': 'EmpoweredHealPercent', 'value': [0.5, 0.5, 0.5, 0.5, 0.5, 0.5, 0.5]}, {'name': 'EmpoweredHealThreshold', 'value': [0.5, 0.5, 0.5, 0.5, 0.5, 0.5, 0.5]}, {'name': 'MagicDamage', 'value': [60.0, 100.0, 150.0, 235.0, 60.0, 60.0, 60.0]}, {'name': 'Duration', 'value': [5.0, 5.0, 5.0, 5.0, 5.0, 5.0, 5.0]}, {'name': 'NumberOfStars', 'value': [5.0, 5.0, 5.0, 5.0, 5.0, 5.0, 5.0]}]}","{'armor': 25.0, 'attackSpeed': 0.6499999761581421, 'critChance': 0.25, 'critMultiplier': 1.399999976158142, 'damage': 55.0, 'hp': 700.0, 'initialMana': 30.0, 'magicResist': 25.0, 'mana': 90.0, 'range': 4.0}"
Swain,"['Noxus', 'Strategist', 'Sorcerer']",2,"{'desc': 'Transform and gain <scaleHealth>@ModifiedBonusHealth@ (%i:scaleAP%)</scaleHealth> max Health for @BuffDuration@ seconds. While transformed, deal <magicDamage>@ModifiedDamage@ (%i:scaleAP%)</magicDamage> magic damage to enemies within 2 hexes every second.', 'icon': 'ASSETS/Characters/TFT9_Swain/HUD/Icons2D/TFT9_Swain_R.TFT_Set9.dds', 'name': 'Demonflare', 'variables': [{'name': 'BuffDuration', 'value': [6.0, 6.0, 6.0, 6.0, 6.0, 6.0, 6.0]}, {'name': 'DamagePerTick', 'value': [0.0, 25.0, 40.0, 60.0, 160.0, 200.0, 240.0]}, {'name': 'BonusMaxHealth', 'value': [200.0, 425.0, 450.0, 480.0, 500.0, 575.0, 650.0]}]}","{'armor': 50.0, 'attackSpeed': 0.6499999761581421, 'critChance': 0.25, 'critMultiplier': 1.399999976158142, 'damage': 45.0, 'hp': 800.0, 'initialMana': 50.0, 'magicResist': 50.0, 'mana': 100, 'range': 2.0}"
Taric,"['Targon', 'Bastion', 'Sorcerer']",3,"{'desc': 'Gain <TFTBonus>@ModifiedShieldAmount@ (%i:scaleAP%)</TFTBonus> Shield for @Duration@ seconds. It absorbs damage received by adjacent allies.', 'icon': 'ASSETS/Characters/TFT9_Taric/HUD/Icons2D/TFT9_Taric_W.TFT_Set9.dds', 'name': 'Radiance', 'variables': [{'name': 'ShieldAmount', 'value': [0.0, 400.0, 475.0, 550.0, 0.0, 0.0, 0.0]}, {'name': 'Duration', 'value': [6.0, 6.0, 6.0, 6.0, 6.0, 6.0, 6.0]}]}","{'armor': 50.0, 'attackSpeed': 0.6000000238418579, 'critChance': 0.25, 'critMultiplier': 1.399999976158142, 'damage': 60.0, 'hp': 800.0, 'initialMana': 40.0, 'magicResist': 50.0, 'mana': 90.0, 'range': 1.0}"
Teemo,"['Yordle', 'Strategist', 'Multicaster']",2,"{'desc': 'Hurl an explosive heat-seeking mushroom at the current target. When it detonates, enemies within 1 hex are <TFTKeyword>Wounded</TFTKeyword> and dealt <magicDamage>@ModifiedDamage@ (%i:scaleAP%)</magicDamage> magic damage over @Duration@ seconds.<br><br>4-Star Upgrade: Increase the explosion radius by 1 hex.<br><br><rules><tftbold>Wound:</tftbold> Reduce healing received by 33%</rules>', 'icon': 'ASSETS/Characters/TFT9_Teemo/HUD/Icons2D/TFT9_Teemo_R.TFT_Set9.dds', 'name': 'Noxious Trap', 'variables': [{'name': 'Damage', 'value': [0.0, 200.0, 300.0, 465.0, 465.0, 0.0, 0.0]}, {'name': 'DetonationDelay', 'value': [1.0, 1.0, 1.0, 1.0, 1.0, 1.0, 1.0]}, {'name': 'Duration', 'value': [3.0, 3.0, 3.0, 3.0, 3.0, 3.0, 3.0]}, {'name': 'TickRate', 'value': [0.5, 0.5, 0.5, 0.5, 0.5, 0.5, 0.5]}, {'name': 'HexRadius', 'value': [1.0, 1.0, 1.0, 1.0, 2.0, 1.0, 1.0]}]}","{'armor': 20.0, 'attackSpeed': 0.699999988079071, 'critChance': 0.25, 'critMultiplier': 1.399999976158142, 'damage': 40.0, 'hp': 500.0, 'initialMana': 0, 'magicResist': 20.0, 'mana': 50.0, 'range': 4.0}"
Vel'Koz,"['Void', 'Multicaster', 'Sorcerer']",3,"{'desc': 'Fire a plasma bolt towards the current target that deals <magicDamage>@ModifiedMagicDamage@ (%i:scaleAP%)</magicDamage> magic damage to the first enemy hit. It then splits in two, dealing @FalloffPercent*100@% less damage whenever it passes through an enemy.', 'icon': 'ASSETS/Characters/TFT9_VelKoz/HUD/Icons2D/TFT9_VelKoz_Q1.TFT_Set9.dds', 'name': 'Plasma Fission', 'variables': [{'name': 'MagicDamage', 'value': [0.0, 210.0, 315.0, 520.0, 0.0, 0.0, 0.0]}, {'name': 'FalloffPercent', 'value': [0.5, 0.5, 0.5, 0.5, 0.5, 0.5, 0.5]}]}","{'armor': 30.0, 'attackSpeed': 0.699999988079071, 'critChance': 0.25, 'critMultiplier': 1.399999976158142, 'damage': 40.0, 'hp': 700.0, 'initialMana': 0, 'magicResist': 30.0, 'mana': 60.0, 'range': 4.0}"
Warwick,"['Zaun', 'Juggernaut', 'Challenger']",2,"{'desc': '<spellPassive>Passive:</spellPassive> Attacks heal for <scaleHealth>@ModifiedHealAmount@ (%i:scaleAP%)</scaleHealth>.<br><br><spellActive>Active:</spellActive> Increase the Passive healing by <scaleHealth>@IncreaseHealRatio*100@%</scaleHealth> for @Duration@ seconds. Then, Stun adjacent enemies for <scaleLevel>@StunDuration@</scaleLevel> seconds.', 'icon': 'ASSETS/Characters/Warwick/HUD/Icons2D/WarwickP.dds', 'name': 'Primal Howl', 'variables': [{'name': 'HealAmount', 'value': [35.0, 25.0, 30.0, 35.0, 35.0, 35.0, 35.0]}, {'name': 'Duration', 'value': [2.5, 2.5, 2.5, 2.5, 2.5, 2.5, 2.5]}, {'name': 'StunDuration', 'value': [0.0, 1.25, 1.5, 2.0, 0.0, 0.0, 0.0]}, {'name': 'IncreaseHealRatio', 'value': [0.5, 0.5, 0.5, 0.5, 0.5, 0.5, 0.5]}]}","{'armor': 50.0, 'attackSpeed': 0.75, 'critChance': 0.25, 'critMultiplier': 1.399999976158142, 'damage': 40.0, 'hp': 800.0, 'initialMana': 40.0, 'magicResist': 50.0, 'mana': 90.0, 'range': 1.0}"
Yasuo,"['Ionia', 'Challenger']",4,"{'desc': 'Send a whirlwind at the furthest enemy within <TFTBonus>@SpellRangeTooltip@ (%i:scaleRange%)</TFTBonus> hexes, knocking up and Stunning all enemies hit. Dash to and slash the original target, dealing <physicalDamage>@TotalDamage@ (%i:scaleAD%%i:scaleAP%)</physicalDamage> physical damage to them. Slam them into the ground and deal <physicalDamage>@ModifiedAOEDamage@ (%i:scaleAD%)</physicalDamage> physical damage to enemies within 1 hex.<br><br>Ionia Bonus: <TFTBonus>+@TooltipIoniaBonus@%</TFTBonus> <TFTKeyword>Omnivamp</TFTKeyword><br><br><rules><tftbold>Omnivamp: Heal for percentage of damage dealt</tftbold></rules>', 'icon': 'ASSETS/Characters/TFT9_Yasuo/HUD/Icons2D/TFT9_Yasuo_R.TFT_Set9.dds', 'name': 'Last Breath', 'variables': [{'name': 'KnockupDuration', 'value': [0.0, 1.0, 1.0, 1.0, 0.0, 0.0, 0.0]}, {'name': 'ADPercent', 'value': [0.0, 5.0, 5.0, 15.0, 0.0, 0.0, 0.0]}, {'name': 'BonusDamage', 'value': [0.0, 50.0, 75.0, 300.0, 0.0, 0.0, 0.0]}, {'name': 'HexRange', 'value': [2.0, 2.0, 2.0, 2.0, 2.0, 2.0, 2.0]}, {'name': 'AttackCount', 'value': [3.0, 3.0, 3.0, 3.0, 3.0, 3.0, 3.0]}, {'name': 'TornadoKnockupDuration', 'value': [0.5, 0.5, 0.5, 0.5, 0.5, 0.5, 0.5]}, {'name': 'TooltipIoniaBonus', 'value': [15.0, 15.0, 15.0, 15.0, 15.0, 15.0, 15.0]}, {'name': 'AOEADPercent', 'value': [2.0, 3.0, 3.0, 7.5, 2.0, 2.0, 2.0]}]}","{'armor': 50.0, 'attackSpeed': 0.800000011920929, 'critChance': 0.25, 'critMultiplier': 1.399999976158142, 'damage': 75.0, 'hp': 950.0, 'initialMana': 50.0, 'magicResist': 50.0, 'mana': 110.0, 'range': 1.0}"
Zed,"['Ionia', 'Rogue', 'Slayer']",2,"{'desc': 'Create a shadow at the furthest enemy within <TFTBonus>@SpellRangeTooltip@ (%i:scaleRange%)</TFTBonus> hexes. Zed and his shadow slash adjacent enemies, dealing <physicalDamage>@TotalDamage@ (%i:scaleAD%%i:scaleAP%)</physicalDamage> physical damage. <br><br>Ionia Bonus: <TFTBonus>+@TooltipIoniaBonus@%</TFTBonus> Critical Strike Chance and Critical Strike Damage', 'icon': 'ASSETS/Characters/TFT9_Zed/HUD/Icons2D/shadowninja_W2.TFT_Set9.dds', 'name': 'Living Shadow', 'variables': [{'name': 'DamagePercent', 'value': [0.0, 1.399999976158142, 1.399999976158142, 1.5, 2.0, 2.0, 2.0]}, {'name': 'ShadowRange', 'value': [2.0, 2.0, 2.0, 2.0, 2.0, 2.0, 2.0]}, {'name': 'BaseDamage', 'value': [0.0, 25.0, 40.0, 60.0, 0.0, 0.0, 0.0]}, {'name': 'TooltipIoniaBonus', 'value': [15.0, 15.0, 15.0, 15.0, 15.0, 15.0, 15.0]}]}","{'armor': 35.0, 'attackSpeed': 0.699999988079071, 'critChance': 0.25, 'critMultiplier': 1.399999976158142, 'damage': 60.0, 'hp': 600.0, 'initialMana': 0, 'magicResist': 35.0, 'mana': 70.0, 'range': 1.0}"
Baron Nashor,[],8,"{'desc': '<spellPassive>Passive:</spellPassive> Cast every @CastCadence@ attacks and cycle between 3 different Abilities: this, <tftbonus>Voracious Bite</tftbonus> (damage an enemy and heal), and <tftbonus>Void Tentacle</tftbonus> (damage and Stun a group).<br><br><spellActive>Active:</spellActive> Lob three pools of acid towards the largest group of enemies, dealing <magicDamage>@ModifiedDamage@ (%i:scaleAP%)</magicDamage> magic damage and @TooltipShred@% <TFTKeyword>Shredding</TFTKeyword> and <TFTKeyword>Sundering</TFTKeyword> for @DebuffDuration@ seconds.<br><br><rules><tftbold>Shred:</tftbold> Reduce Magic Resist<br><tftbold>Sunder:</tftbold> Reduce Armor</rules>', 'icon': 'ASSETS/Characters/TFT9_BaronNashor/HUD/TFT9_BaronNashor_Square.TFT_Set9.dds', 'name': 'Corrosive Acid', 'variables': [{'name': 'Damage', 'value': [175.0, 175.0, 175.0, 175.0, 175.0, 175.0, 175.0]}, {'name': 'TooltipShred', 'value': [60.0, 60.0, 60.0, 60.0, 60.0, 60.0, 60.0]}, {'name': 'DebuffDuration', 'value': [4.0, 4.0, 4.0, 4.0, 4.0, 4.0, 4.0]}, {'name': 'CastCadence', 'value': [2.0, 2.0, 2.0, 2.0, 2.0, 2.0, 2.0]}]}","{'armor': 150.0, 'attackSpeed': 0.699999988079071, 'critChance': 0.25, 'critMultiplier': 1.399999976158142, 'damage': 300.0, 'hp': 1000.0, 'initialMana': 0, 'magicResist': 150.0, 'mana': 2.0, 'range': 9.0}"
Sun Disc,[],9,"{'desc': None, 'icon': 'ASSETS/Characters/TFT9_AscendedSunDisc/HUD/TFT9_AscendedSunDisc_Square.TFT_Set9.dds', 'name': None, 'variables': []}","{'armor': 50.0, 'attackSpeed': 0.5, 'critChance': None, 'critMultiplier': 1.399999976158142, 'damage': 0.0, 'hp': None, 'initialMana': 0, 'magicResist': 50.0, 'mana': 0.0, 'range': 16.0}"
Cassiopeia,"['Noxus', 'Shurima', 'Invoker']",1,"{'desc': 'Deal <magicDamage>@ModifiedBaseDamage@ (%i:scaleAP%)</magicDamage> magic damage to the current target and <TFTKeyword>Wound</TFTKeyword> them for @WoundDuration@ seconds. If they are already <TFTKeyword>Wounded</TFTKeyword>, deal <magicDamage>@BonusDamage@ (%i:scaleAP%)</magicDamage> bonus magic damage.<br><br><rules><tftbold>Wound:</tftbold> Reduce healing received by 33%</rules>', 'icon': 'ASSETS/Characters/Cassiopeia/HUD/Icons2D/Cassiopeia_E.dds', 'name': 'Twin Fang', 'variables': [{'name': 'BaseDamage', 'value': [0.0, 200.0, 300.0, 450.0, 0.0, 0.0, 0.0]}, {'name': 'DamageAmp', 'value': [0.30000001192092896, 0.30000001192092896, 0.30000001192092896, 0.30000001192092896, 0.30000001192092896, 0.30000001192092896, 0.30000001192092896]}, {'name': 'WoundDuration', 'value': [5.0, 5.0, 5.0, 5.0, 5.0, 5.0, 5.0]}, {'name': 'TooltipWound', 'value': [50.0, 50.0, 50.0, 50.0, 50.0, 50.0, 50.0]}]}","{'armor': 20.0, 'attackSpeed': 0.699999988079071, 'critChance': 0.25, 'critMultiplier': 1.399999976158142, 'damage': 40.0, 'hp': 500.0, 'initialMana': 0, 'magicResist': 20.0, 'mana': 40.0, 'range': 4.0}"
Rift Herald,[],11,"{'desc': 'Charge toward the furthest enemy and crash into the first enemy hit. Deal <magicDamage>@ModifiedMagicDamage@ (%i:scaleAP%)</magicDamage> magic damage to enemies adjacent to the impact and Stun them for @StunDuration@ seconds.', 'icon': 'ASSETS/Characters/TFT9_RiftHerald/HUD/TFT9_RiftHerald_Square.TFT_Set9.dds', 'name': 'Void Charge', 'variables': [{'name': 'MagicDamage', 'value': [180.0, 180.0, 180.0, 180.0, 180.0, 180.0, 180.0]}, {'name': 'StunDuration', 'value': [2.0, 2.0, 2.0, 2.0, 2.0, 2.0, 2.0]}]}","{'armor': 100.0, 'attackSpeed': 0.6000000238418579, 'critChance': 0.25, 'critMultiplier': 1.399999976158142, 'damage': 250.0, 'hp': 900.0, 'initialMana': 60.0, 'magicResist': 100.0, 'mana': 120.0, 'range': 1.0}"
Void Remora,[],11,"{'desc': 'Gain <TFTBonus>@ModifiedShield@ (%i:scaleAP%)</TFTBonus> Shield for @Duration@ seconds. When it expires, deal <magicDamage>@ModifiedDamage@ (%i:scaleAP%)</magicDamage> magic damage to adjacent enemies. ', 'icon': 'ASSETS/Characters/TFT9_VoidRemora/HUD/TFT9_VoidRemora_Square.TFT_Set9.dds', 'name': 'Void Shield', 'variables': [{'name': 'Duration', 'value': [2.0, 2.0, 2.0, 2.0, 2.0, 2.0, 2.0]}, {'name': 'Shield', 'value': [200.0, 200.0, 200.0, 200.0, 200.0, 200.0, 200.0]}, {'name': 'Damage', 'value': [125.0, 125.0, 125.0, 125.0, 125.0, 125.0, 125.0]}]}","{'armor': 40.0, 'attackSpeed': 0.699999988079071, 'critChance': 0.25, 'critMultiplier': 1.399999976158142, 'damage': 70.0, 'hp': 400.0, 'initialMana': 50.0, 'magicResist': 40.0, 'mana': 100, 'range': 1.0}"
Apex Turret,[],11,"{'desc': 'Fire a laser beam at the current target. Deal <magicDamage>@ModifiedDamage@ (%i:scaleAP%)</magicDamage> magic damage to enemies it passes through.', 'icon': 'ASSETS/Characters/TFT9_HeimerdingerTurret/HUD/TFT9_HeimerdingerTurret_Square.TFT_Set9.dds', 'name': 'H-28G Laser Beam', 'variables': [{'name': 'Damage', 'value': [0.0, 185.0, 275.0, 4000.0, 25000.0, 0.0, 0.0]}, {'name': 'MicroRocketDamage', 'value': [100.0, 100.0, 100.0, 100.0, 100.0, 100.0, 100.0]}, {'name': 'ShieldRegenTime', 'value': [6.0, 6.0, 6.0, 6.0, 6.0, 6.0, 6.0]}]}","{'armor': 60.0, 'attackSpeed': 0.75, 'critChance': 0.25, 'critMultiplier': 1.399999976158142, 'damage': 40.0, 'hp': 800.0, 'initialMana': 0, 'magicResist': 60.0, 'mana': 100, 'range': 23.0}"
Vi,"['Piltover', 'Bruiser']",2,"{'desc': 'Gain <TFTBonus>@ModifiedShieldAmount@ (%i:scaleAP%)</TFTBonus> Shield for @ShieldDuration@ seconds. Deal <physicalDamage>@TotalDamage@ (%i:scaleAD%)</physicalDamage> physical damage to enemies within 1 hex of the current target and @ArmorShredPercent*100@% <TFTKeyword>Sunder</TFTKeyword> them for @ArmorShredDuration@ seconds.<br><br><tftitemrules><tftbold>Sunder:</tftbold> Reduce Armor</tftitemrules><br>', 'icon': 'ASSETS/Characters/Vi/HUD/Icons2D/ViPassive.dds', 'name': 'Blast Shield', 'variables': [{'name': 'ShieldAmount', 'value': [0.0, 325.0, 350.0, 400.0, 0.0, 0.0, 0.0]}, {'name': 'ShieldDuration', 'value': [4.0, 4.0, 4.0, 4.0, 4.0, 4.0, 4.0]}, {'name': 'ArmorShredPercent', 'value': [0.4000000059604645, 0.4000000059604645, 0.4000000059604645, 0.4000000059604645, 0.4000000059604645, 0.4000000059604645, 0.4000000059604645]}, {'name': 'ArmorShredDuration', 'value': [4.0, 4.0, 4.0, 4.0, 4.0, 4.0, 4.0]}, {'name': 'ADPercent', 'value': [2.0, 2.0, 2.0, 2.0, 2.0, 2.0, 2.0]}]}","{'armor': 50.0, 'attackSpeed': 0.6000000238418579, 'critChance': 0.25, 'critMultiplier': 1.399999976158142, 'damage': 60.0, 'hp': 800.0, 'initialMana': 0, 'magicResist': 50.0, 'mana': 80.0, 'range': 1.0}"
Maokai,"['Shadow Isles', 'Bastion']",1,"{'desc': '<spellPassive>Passive:</spellPassive> Whenever an enemy uses their Ability, gain <TFTBonus>@BonusManaOnCast@</TFTBonus> Mana.<br><br><spellActive>Active:</spellActive> On next attack, heal for <scaleHealth>@ModifiedHeal@ (%i:scaleAP%)</scaleHealth>.', 'icon': 'ASSETS/Characters/Maokai/HUD/Icons2D/Maokai_Passive.dds', 'name': 'Sap Magic', 'variables': [{'name': 'HealAmount', 'value': [200.0, 220.0, 260.0, 300.0, 400.0, 450.0, 500.0]}, {'name': 'BonusManaOnCast', 'value': [5.0, 5.0, 5.0, 5.0, 5.0, 5.0, 5.0]}, {'name': 'PassiveHexRange', 'value': [10.0, 10.0, 10.0, 10.0, 10.0, 10.0, 10.0]}]}","{'armor': 40.0, 'attackSpeed': 0.5, 'critChance': 0.25, 'critMultiplier': 1.399999976158142, 'damage': 60.0, 'hp': 700.0, 'initialMana': 50.0, 'magicResist': 40.0, 'mana': 125.0, 'range': 1.0}"
Kayle,"['Demacia', 'Slayer']",1,"{'desc': '<spellPassive>Passive:</spellPassive> Gains new Passive effects as your Tactician levels up.<br><spellActive>Level 1:</spellActive> Attacks deal <magicDamage>@ModifiedMagicDamage@ (%i:scaleAP%)</magicDamage> bonus magic damage.<br><spellActive>Level @FirstAscensionLevel@:</spellActive> Every 3rd attack launches a wave that deals <magicDamage>@ModifiedMagicDamage@ (%i:scaleAP%)</magicDamage> magic damage and @ShredAmount@% <TFTKeyword>Shreds</TFTKeyword> enemies for @ShredDuration@ seconds.<br><spellActive>Level @SecondAscensionLevel@:</spellActive> Every attack launches a wave and they travel farther.<br><br><rules><tftbold>Shred:</tftbold> Reduce Magic Resist</rules>', 'icon': 'ASSETS/Characters/Kayle/HUD/Icons2D/Kayle_P.dds', 'name': 'Divine Ascent', 'variables': [{'name': 'Damage', 'value': [0.0, 33.0, 44.0, 66.0, 0.0, 0.0, 0.0]}, {'name': 'ShredAmount', 'value': [40.0, 40.0, 40.0, 40.0, 40.0, 40.0, 40.0]}, {'name': 'FirstAscensionLevel', 'value': [6.0, 6.0, 6.0, 6.0, 6.0, 6.0, 6.0]}, {'name': 'SecondAscensionLevel', 'value': [9.0, 9.0, 9.0, 9.0, 9.0, 9.0, 9.0]}, {'name': 'ShredDuration', 'value': [3.0, 3.0, 3.0, 3.0, 3.0, 3.0, 3.0]}]}","{'armor': 15.0, 'attackSpeed': 0.75, 'critChance': 0.25, 'critMultiplier': 1.399999976158142, 'damage': 25.0, 'hp': 500.0, 'initialMana': 0, 'magicResist': 15.0, 'mana': 0.0, 'range': 4.0}"
Samira,"['Noxus', 'Challenger']",1,"{'desc': 'Shoot at the current target and deal <physicalDamage>@TotalDamage@ (%i:scaleAD%)</physicalDamage> to the first enemy hit. Reduce their Armor by <TFTBonus>@ModifiedArmorShred@ (%i:scaleAP%)</TFTBonus> for the rest of combat.', 'icon': 'ASSETS/Characters/Samira/HUD/Icons2D/SamiraQ.dds', 'name': 'Flair', 'variables': [{'name': 'ADPercent', 'value': [2.0, 2.0, 2.0, 2.0, 2.0, 2.0, 2.0]}, {'name': 'ArmorShred', 'value': [0.0, 20.0, 25.0, 30.0, 20.0, 25.0, 30.0]}]}","{'armor': 15.0, 'attackSpeed': 0.699999988079071, 'critChance': 0.25, 'critMultiplier': 1.399999976158142, 'damage': 50.0, 'hp': 500.0, 'initialMana': 0, 'magicResist': 15.0, 'mana': 40.0, 'range': 4.0}"
T-Hex,[],11,"{'desc': 'T-Hex is still powering up and has no Ability. Once she reaches @PowerRequirement@ Power, gain <spellActive>Hextech Breath</spellActive>.<br><br><spellActive>Hextech Breath:</spellActive> Unleash a huge laser dealing magic damage.', 'icon': 'ASSETS/Characters/TFT9_THex/HUD/TFT9_THex_Square.TFT_Set9.dds', 'name': 'Powering Up', 'variables': [{'name': 'LingerDuration', 'value': [1.5, 1.5, 1.5, 1.5, 1.5, 1.5, 1.5]}, {'name': 'FlameBreathDuration', 'value': [3.0, 3.0, 3.0, 3.0, 3.0, 3.0, 3.0]}, {'name': 'FlameBreathDamage', 'value': [360.0, 360.0, 360.0, 360.0, 360.0, 360.0, 360.0]}]}","{'armor': 15.0, 'attackSpeed': 0.699999988079071, 'critChance': 0.25, 'critMultiplier': 1.399999976158142, 'damage': 40.0, 'hp': None, 'initialMana': 20.0, 'magicResist': 15.0, 'mana': 80.0, 'range': 2.0}"
Urgot,"['Zaun', 'Deadeye']",4,"{'desc': ""<spellPassive>Passive:</spellPassive> Whenever an enemy enters Attack Range, fire a blast from the leg facing that direction that deals <physicalDamage>@TotalDamage@ (%i:scaleAD%%i:scaleAP%)</physicalDamage> physical damage. Each of Urgot's 6 legs has a <scaleLevel>@Cooldown@</scaleLevel> second cooldown.<br><br><spellActive>Active:</spellActive> Gain <TFTBonus>@ModifiedShieldAmount@ (%i:scaleAP%)</TFTBonus> Shield for @ShieldDuration@ seconds and dash behind the current target. Reset all leg cooldowns."", 'icon': 'ASSETS/Characters/Urgot/HUD/Icons2D/Urgot_W.dds', 'name': 'Disdain', 'variables': [{'name': 'Cooldown', 'value': [4.0, 4.0, 4.0, 1.0, 4.0, 4.0, 4.0]}, {'name': 'PercentOfAttackDamage', 'value': [2.75, 2.75, 2.75, 2.75, 2.75, 2.75, 2.75]}, {'name': 'BaseDamage', 'value': [100.0, 50.0, 75.0, 500.0, 400.0, 400.0, 400.0]}, {'name': 'StunDuration', 'value': [1.5, 1.5, 1.5, 1.5, 1.5, 1.5, 1.5]}, {'name': 'ShieldAmount', 'value': [0.0, 400.0, 500.0, 1200.0, 0.0, 0.0, 0.0]}, {'name': 'ShieldDuration', 'value': [5.0, 5.0, 5.0, 5.0, 5.0, 5.0, 5.0]}]}","{'armor': 60.0, 'attackSpeed': 0.699999988079071, 'critChance': 0.25, 'critMultiplier': 1.399999976158142, 'damage': 75.0, 'hp': 1000.0, 'initialMana': 0, 'magicResist': 60.0, 'mana': 100, 'range': 1.0}"
Aphelios,"['Targon', 'Deadeye']",4,"{'desc': 'Fire a moon blast at the largest group of enemies that deals <physicalDamage>@TotalBlastDamage@ (%i:scaleAD%)</physicalDamage> physical damage to enemies within @BlastSize@ hexes. <br><br>For @ChakramDuration@ seconds, equip @BaseChakramNumber@ Chakram, plus 1 more for each enemy hit by the blast. Attacks deal <physicalDamage>@TotalChakramDamage@ (%i:scaleAD%)</physicalDamage> bonus physical damage for each Chakram equipped. Aphelios heals for <scaleHealth>@ModifiedChakramHealing@ (%i:scaleAP%)</scaleHealth> of damage dealt by Chakrams.', 'icon': 'ASSETS/Characters/TFT9_Aphelios/HUD/Icons2D/TFT9_ApheliosR.TFT_Set9.dds', 'name': 'Moonlight Vigil', 'variables': [{'name': 'BlastPercentAD', 'value': [1.7999999523162842, 2.0, 2.0, 5.5, 2.200000047683716, 2.299999952316284, 2.4000000953674316]}, {'name': 'ChakramDuration', 'value': [7.0, 7.0, 7.0, 7.0, 7.0, 7.0, 7.0]}, {'name': 'ChakramPercentAD', 'value': [0.10000000149011612, 0.07999999821186066, 0.07999999821186066, 0.4000000059604645, 0.10000000149011612, 0.10000000149011612, 0.10000000149011612]}, {'name': 'ChakramHealing', 'value': [0.5, 0.5, 0.5, 0.5, 0.5, 0.5, 0.5]}, {'name': 'BaseChakramNumber', 'value': [3.0, 3.0, 3.0, 3.0, 3.0, 3.0, 3.0]}, {'name': 'BlastSize', 'value': [2.0, 2.0, 2.0, 2.0, 2.0, 2.0, 2.0]}, {'name': 'MaxChakrams', 'value': [10.0, 10.0, 12.0, 20.0, 10.0, 10.0, 10.0]}]}","{'armor': 30.0, 'attackSpeed': 0.800000011920929, 'critChance': 0.25, 'critMultiplier': 1.399999976158142, 'damage': 60.0, 'hp': 750.0, 'initialMana': 70.0, 'magicResist': 30.0, 'mana': 140.0, 'range': 4.0}"
Zeri,"['Zaun', 'Gunner']",4,"{'desc': '<spellPassive>Passive:</spellPassive> Execute enemies below <TFTBonus>@ModifiedExecuteThreshold@ (%i:scaleAP%)</TFTBonus> Health. <br><br><spellActive>Active:</spellActive> For the next @OverchargeDuration@ seconds, attacks chain lightning to <scaleLevel>@EnemyCount@</scaleLevel> additional enemies, dealing <physicalDamage>@TotalChainDamage@ (%i:scaleAD%)</physicalDamage> physical damage.', 'icon': 'ASSETS/Characters/TFT9_Zeri/HUD/Icons2D/TFT9_ZeriR.TFT_Set9.dds', 'name': 'Surge', 'variables': [{'name': 'NumBullets', 'value': [3.0, 3.0, 3.0, 3.0, 3.0, 3.0, 3.0]}, {'name': 'ADRatioPerBullet', 'value': [0.3400000035762787, 0.3400000035762787, 0.3400000035762787, 0.3400000035762787, 0.3400000035762787, 0.3400000035762787, 0.3400000035762787]}, {'name': 'OverchargeDuration', 'value': [6.0, 6.0, 6.0, 6.0, 6.0, 6.0, 6.0]}, {'name': 'OverchargeChainRatio', 'value': [0.4000000059604645, 0.5, 0.5, 1.0, 0.4000000059604645, 0.4000000059604645, 0.4000000059604645]}, {'name': 'ExecuteThresholdBase', 'value': [0.07999999821186066, 0.07999999821186066, 0.07999999821186066, 0.07999999821186066, 0.07999999821186066, 0.07999999821186066, 0.07999999821186066]}, {'name': 'EnemyCount', 'value': [3.0, 3.0, 3.0, 5.0, 3.0, 3.0, 3.0]}, {'name': 'ExecuteThresholdAP', 'value': [0.03999999910593033, 0.03999999910593033, 0.03999999910593033, 0.03999999910593033, 0.03999999910593033, 0.03999999910593033, 0.03999999910593033]}]}","{'armor': 25.0, 'attackSpeed': 0.800000011920929, 'critChance': 0.25, 'critMultiplier': 1.399999976158142, 'damage': 60.0, 'hp': 750.0, 'initialMana': 0, 'magicResist': 25.0, 'mana': 50.0, 'range': 4.0}"
Galio,"['Demacia', 'Invoker']",2,"{'desc': 'Reduce damage taken by @DamageResist*100@% and heal for <scaleHealth>@ModifiedHeal@ (%i:scaleAP%)</scaleHealth> over @Duration@ seconds. After, deal <magicDamage>@ModifiedDamage@ (%i:scaleAP%)</magicDamage> magic damage to adjacent enemies.', 'icon': 'ASSETS/Characters/TFT9_Galio/HUD/Icons2D/TFT9_Galio_W.TFT_Set9.dds', 'name': 'Shield of Durand', 'variables': [{'name': 'DamageResist', 'value': [0.20000000298023224, 0.20000000298023224, 0.20000000298023224, 0.25, 0.20000000298023224, 0.20000000298023224, 0.20000000298023224]}, {'name': 'Duration', 'value': [4.0, 4.0, 4.0, 4.0, 4.0, 4.0, 4.0]}, {'name': 'Heal', 'value': [0.0, 275.0, 300.0, 325.0, 0.0, 0.0, 0.0]}, {'name': 'Damage', 'value': [0.0, 200.0, 300.0, 450.0, 0.0, 0.0, 0.0]}, {'name': 'HexRadius', 'value': [1.0, 1.0, 1.0, 1.0, 1.0, 1.0, 1.0]}]}","{'armor': 45.0, 'attackSpeed': 0.5, 'critChance': 0.25, 'critMultiplier': 1.399999976158142, 'damage': 70.0, 'hp': 800.0, 'initialMana': 80.0, 'magicResist': 45.0, 'mana': 140.0, 'range': 1.0}"
Kalista,"['Shadow Isles', 'Challenger']",3,"{'desc': '<spellPassive>Passive:</spellPassive> Attacks impale a spear in the target, which deals <trueDamage>@ModifiedDamage@ (%i:scaleAP%)</trueDamage> true damage when removed. Kalista rips the spears out if it would kill the target.<br><br><spellActive>Active:</spellActive> Impale @NumSpears@ spears in the current target.', 'icon': 'ASSETS/Characters/Kalista/HUD/Icons2D/Kalista_E.dds', 'name': 'Pierce and Rend', 'variables': [{'name': 'Damage', 'value': [16.0, 16.0, 24.0, 40.0, 320.0, 640.0, 1280.0]}, {'name': 'NumSpears', 'value': [6.0, 6.0, 6.0, 6.0, 6.0, 6.0, 6.0]}]}","{'armor': 25.0, 'attackSpeed': 0.8500000238418579, 'critChance': 0.25, 'critMultiplier': 1.399999976158142, 'damage': 45.0, 'hp': 650.0, 'initialMana': 0, 'magicResist': 25.0, 'mana': 80.0, 'range': 4.0}"
Nasus,"['Shurima', 'Juggernaut']",4,"{'desc': 'Steal <scaleLevel>@PercentHealthSteal*100@%</scaleLevel> maximum Health, <TFTBonus>@PercentADSteal*100@%</TFTBonus> Attack Damage, <scaleLevel>@FlatResistanceSteal@</scaleLevel> Armor, and <scaleLevel>@FlatResistanceSteal@</scaleLevel> Magic Resist from the nearest <scaleLevel>@NumEnemies@</scaleLevel> enemies for <TFTBonus>@ModifiedDuration@ (%i:scaleAP%)</TFTBonus> seconds.<br><br>While empowered, every third attack deals <physicalDamage>@EmpoweredDamage@ (%i:scaleAD%)</physicalDamage> physical damage.', 'icon': 'ASSETS/Characters/TFT9_Nasus/HUD/Icons2D/TFT9_Nasus_Passive.TFT_Set9.dds', 'name': 'Soul Eater', 'variables': [{'name': 'PercentHealthSteal', 'value': [0.10000000149011612, 0.05000000074505806, 0.05000000074505806, 0.15000000596046448, 0.10000000149011612, 0.10000000149011612, 0.10000000149011612]}, {'name': 'PercentADSteal', 'value': [0.10000000149011612, 0.10000000149011612, 0.10000000149011612, 0.10000000149011612, 0.10000000149011612, 0.10000000149011612, 0.10000000149011612]}, {'name': 'FlatResistanceSteal', 'value': [3.0, 5.0, 5.0, 30.0, 7.0, 8.0, 9.0]}, {'name': 'Duration', 'value': [8.0, 8.0, 8.0, 8.0, 8.0, 8.0, 8.0]}, {'name': 'EmpoweredDamagePct', 'value': [3.5, 3.5, 3.5, 7.0, 3.5, 3.5, 3.5]}, {'name': 'NumEnemies', 'value': [3.0, 4.0, 5.0, 9.0, 7.0, 8.0, 9.0]}]}","{'armor': 60.0, 'attackSpeed': 0.6000000238418579, 'critChance': 0.25, 'critMultiplier': 1.399999976158142, 'damage': 60.0, 'hp': 1000.0, 'initialMana': 70.0, 'magicResist': 60.0, 'mana': 150.0, 'range': 1.0}"
Malzahar,"['Void', 'Sorcerer']",1,"{'desc': 'Open two portals near the current target. Destroy @PercentShieldDestruction*100@% of Shields and deal <magicDamage>@ModifiedDamage@ (%i:scaleAP%)</magicDamage> magic damage to all enemies caught between the portals.', 'icon': 'ASSETS/Characters/TFT9_Malzahar/HUD/Icons2D/TFT9_Malzahar_Q.TFT_Set9.dds', 'name': 'Call of the Void', 'variables': [{'name': 'Damage', 'value': [0.0, 175.0, 260.0, 395.0, 12000.0, 12000.0, 12000.0]}, {'name': 'PercentShieldDestruction', 'value': [0.3499999940395355, 0.3499999940395355, 0.3499999940395355, 0.3499999940395355, 0.3499999940395355, 0.3499999940395355, 0.3499999940395355]}]}","{'armor': 15.0, 'attackSpeed': 0.699999988079071, 'critChance': 0.25, 'critMultiplier': 1.399999976158142, 'damage': 40.0, 'hp': 500.0, 'initialMana': 0, 'magicResist': 15.0, 'mana': 50.0, 'range': 4.0}"
Taliyah,"['Shurima', 'Multicaster']",2,"{'desc': '<spellPassive>Passive:</spellPassive> Whenever an enemy is knocked up or back by anything, throw a boulder towards them. It deals <magicDamage>@ModifiedBoulderDamage@ (%i:scaleAP%)</magicDamage> magic damage to the first enemy hit.<br><br><spellActive>Active:</spellActive> Deal <magicDamage>@ModifiedSpellDamage@ (%i:scaleAP%)</magicDamage> magic damage to your target and knock them up, Stunning them for @KnockupDuration@ seconds.', 'icon': 'ASSETS/Characters/TFT9_Taliyah/HUD/Icons2D/TFT9_Taliyah_W.TFT_Set9.dds', 'name': 'Seismic Shove', 'variables': [{'name': 'KnockupDuration', 'value': [1.0, 2.0, 2.0, 2.0, 1.0, 1.0, 1.0]}, {'name': 'SpellDamage', 'value': [100.0, 150.0, 225.0, 350.0, 100.0, 100.0, 100.0]}, {'name': 'BoulderDamage', 'value': [100.0, 125.0, 190.0, 290.0, 100.0, 100.0, 100.0]}]}","{'armor': 20.0, 'attackSpeed': 0.699999988079071, 'critChance': 0.25, 'critMultiplier': 1.399999976158142, 'damage': 40.0, 'hp': 550.0, 'initialMana': 20.0, 'magicResist': 20.0, 'mana': 60.0, 'range': 4.0}"
Ryze,"['Wanderer', 'Invoker']",5,"{'desc': 'Create a portal to Bandle City under a random unit on your bench. They are summoned to the battlefield with @ModifiedBonusMana@ (%i:scaleAP%) bonus Mana and are...slightly smaller?<br><br>If there are no units left on your bench, Ryze summons a high tier unit from the shop instead.', 'icon': 'ASSETS/Characters/TFT9_Ryze/HUD/Icons2D/TFT9_Ryze_R.TFT_Set9.dds', 'name': 'Realm Warp: Bandle City', 'variables': []}","{'armor': 30.0, 'attackSpeed': 0.8500000238418579, 'critChance': 0.25, 'critMultiplier': 1.399999976158142, 'damage': 50.0, 'hp': 1111.0, 'initialMana': 0, 'magicResist': 30.0, 'mana': 999.0, 'range': 4.0}"
Sett,"['Ionia', 'Juggernaut']",2,"{'desc': 'Grab an enemy from either side and slam them together, knocking them up. Deals <magicDamage>@ModifiedDamage@ (%i:scaleAP%)</magicDamage> magic damage and Stuns them for <scaleLevel>@StunDuration@</scaleLevel> seconds. <br><br>If only one enemy is grabbed, the damage and Stun duration are increased by @SoloBonus*100@%.<br><br>Ionia Bonus: <scaleHealth>+@TooltipIoniaBonus@</scaleHealth> maximum Health', 'icon': 'ASSETS/Characters/Sett/HUD/Icons2D/Sett_Q.dds', 'name': 'Facebreaker', 'variables': [{'name': 'Damage', 'value': [0.0, 200.0, 300.0, 465.0, 2.0, 2.0, 2.0]}, {'name': 'StunDuration', 'value': [1.0, 1.25, 1.5, 2.0, 3.0, 3.5, 4.0]}, {'name': 'SoloBonus', 'value': [0.5, 0.5, 0.5, 0.5, 0.5, 0.5, 0.5]}, {'name': 'TooltipIoniaBonus', 'value': [200.0, 200.0, 200.0, 200.0, 200.0, 200.0, 200.0]}]}","{'armor': 50.0, 'attackSpeed': 0.6000000238418579, 'critChance': 0.25, 'critMultiplier': 1.399999976158142, 'damage': 60.0, 'hp': 800.0, 'initialMana': 40.0, 'magicResist': 50.0, 'mana': 90.0, 'range': 1.0}"
Jhin,"['Ionia', 'Deadeye']",1,"{'desc': 'Take aim at the current target and deal <physicalDamage>@TotalDamage@ (%i:scaleAD%%i:scaleAP%)</physicalDamage> physical damage to enemies in a line; each hit reduces damage by @FalloffPercent*100@%.<br><br>Ionia Bonus: <TFTBonus>+@TooltipIoniaBonus@%</TFTBonus> Attack Damage', 'icon': 'ASSETS/Characters/Jhin/HUD/Icons2D/Jhin_R.dds', 'name': 'Curtain Call', 'variables': [{'name': 'PercentAttackDamage', 'value': [7.440000057220459, 7.440000057220459, 7.440000057220459, 7.440000057220459, 7.440000057220459, 7.440000057220459, 7.440000057220459]}, {'name': 'MissingHealthPercentBonus', 'value': [0.0, 0.23999999463558197, 0.3400000035762787, 0.4399999976158142, 0.0, 0.0, 0.0]}, {'name': 'TooltipIoniaBonus', 'value': [30.0, 30.0, 30.0, 30.0, 30.0, 30.0, 30.0]}, {'name': 'AimDuration', 'value': [1.600000023841858, 1.600000023841858, 1.600000023841858, 1.600000023841858, 1.600000023841858, 1.600000023841858, 1.600000023841858]}, {'name': 'FalloffPercent', 'value': [0.4000000059604645, 0.4000000059604645, 0.4000000059604645, 0.4000000059604645, 0.4000000059604645, 0.4000000059604645, 0.4000000059604645]}, {'name': 'Damage', 'value': [0.0, 60.0, 90.0, 135.0, 0.0, 0.0, 0.0]}]}","{'armor': 14.0, 'attackSpeed': 0.699999988079071, 'critChance': 0.25, 'critMultiplier': 1.399999976158142, 'damage': 54.0, 'hp': 504.0, 'initialMana': 44.0, 'magicResist': 14.0, 'mana': 144.0, 'range': 3.0}"
Viego,"['Shadow Isles', 'Rogue']",1,"{'desc': ""Deal <magicDamage>@ModifiedStabDamage@ (%i:scaleAP%)</magicDamage> magic damage to the current target. For the rest of combat, Viego's attacks deal <magicDamage>@ModifiedStackingDamage@ (%i:scaleAP%)</magicDamage> bonus stacking magic damage.<br><br><rules>(Current Bonus: +@TFTUnitProperty.:TFT9_ViegoBonusDamage@ magic damage)</rules>"", 'icon': 'ASSETS/Characters/Viego/HUD/Icons2D/Viego_Passive.dds', 'name': 'Blade of the Ruined King', 'variables': [{'name': 'StabDamage', 'value': [0.0, 125.0, 185.0, 280.0, 0.0, 0.0, 0.0]}, {'name': 'Duration', 'value': [60.0, 60.0, 60.0, 60.0, 60.0, 60.0, 60.0]}, {'name': 'StackingDamage', 'value': [0.0, 20.0, 30.0, 45.0, 0.0, 0.0, 0.0]}]}","{'armor': 25.0, 'attackSpeed': 0.75, 'critChance': 0.25, 'critMultiplier': 1.399999976158142, 'damage': 45.0, 'hp': 600.0, 'initialMana': 0, 'magicResist': 25.0, 'mana': 50.0, 'range': 1.0}"
Kassadin,"['Void', 'Bastion']",2,"{'desc': 'Gain <TFTBonus>@ModifiedShield@ (%i:scaleAP%)</TFTBonus> Shield for @ShieldDuration@ seconds. Deal <magicDamage>@ModifiedDamage@ (%i:scaleAP%)</magicDamage> magic damage to enemies in a cone and <TFTKeyword>Disarm</TFTKeyword> them for <scaleLevel>@DisarmDuration@</scaleLevel> seconds.<br><br><tftitemrules><tftbold>Disarm:</tftbold> Cannot move or attack, but CAN cast spells</tftitemrules>', 'icon': 'ASSETS/Characters/Kassadin/HUD/Icons2D/Kassadin_E.dds', 'name': 'Force Pulse', 'variables': [{'name': 'Damage', 'value': [100.0, 150.0, 225.0, 325.0, 300.0, 300.0, 300.0]}, {'name': 'DisarmDuration', 'value': [3.0, 1.5, 1.75, 2.0, 4.0, 3.0, 3.0]}, {'name': 'ShieldAmount', 'value': [0.0, 250.0, 300.0, 400.0, 0.0, 0.0, 0.0]}, {'name': 'ShieldDuration', 'value': [4.0, 4.0, 4.0, 4.0, 4.0, 4.0, 4.0]}]}","{'armor': 45.0, 'attackSpeed': 0.699999988079071, 'critChance': 0.25, 'critMultiplier': 1.399999976158142, 'damage': 50.0, 'hp': 800.0, 'initialMana': 50.0, 'magicResist': 45.0, 'mana': 100, 'range': 1.0}"
Noxian Banner,[],11,"{'desc': None, 'icon': 'ASSETS/Characters/TFT9_NoxianFlag/HUD/Icons2D/TFT9_NoxianFlag_EyeOfTheStorm.TFT_Set9.dds', 'name': None, 'variables': []}","{'armor': None, 'attackSpeed': 0.800000011920929, 'critChance': 0.25, 'critMultiplier': 1.399999976158142, 'damage': None, 'hp': None, 'initialMana': 0, 'magicResist': 20.0, 'mana': 100, 'range': 1.0}"
SLIME_Crab,[],11,"{'desc': None, 'icon': 'ASSETS/Characters/TFT9_SLIME_Crab/HUD/Icons2D/TFT9_SLIME_Crab_EyeOfTheStorm.TFT_Set9.dds', 'name': None, 'variables': []}","{'armor': 10.0, 'attackSpeed': 0.800000011920929, 'critChance': 0.25, 'critMultiplier': 1.399999976158142, 'damage': 20.0, 'hp': None, 'initialMana': 0, 'magicResist': 10.0, 'mana': 100, 'range': 1.0}"
Ryze,"['Wanderer', 'Invoker']",5,"{'desc': 'Create a portal to Demacia that protects allies for @PortalDuration@ seconds. Allies within the zone gain <TFTBonus>@ModifiedShield@ (%i:scaleAP%)</TFTBonus> Shield. If an ally leaves the safety of the portal, they are healed for <scaleHealth>@ModifiedHeal@ (%i:scaleAP%)</scaleHealth>.<br><br>When the portal expires, enemies within are dealt <magicDamage>@ModifiedDamage@ (%i:scaleAP%)</magicDamage> magic damage.<br>', 'icon': 'ASSETS/Characters/TFT9_Ryze/HUD/Icons2D/TFT9_Ryze_R.TFT_Set9.dds', 'name': 'Realm Warp: Demacia', 'variables': [{'name': 'Shield', 'value': [300.0, 720.0, 1080.0, 9999.0, 1500.0, 1800.0, 2100.0]}, {'name': 'Heal', 'value': [0.0, 250.0, 375.0, 9999.0, 0.0, 0.0, 0.0]}, {'name': 'Damage', 'value': [125.0, 250.0, 375.0, 999.0, 625.0, 750.0, 875.0]}, {'name': 'PortalDuration', 'value': [2.0, 2.0, 2.0, 5.0, 2.0, 2.0, 2.0]}]}","{'armor': 30.0, 'attackSpeed': 0.8500000238418579, 'critChance': 0.25, 'critMultiplier': 1.399999976158142, 'damage': 50.0, 'hp': 1111.0, 'initialMana': 50.0, 'magicResist': 30.0, 'mana': 110.0, 'range': 4.0}"
Ryze,"['Wanderer', 'Invoker']",5,"{'desc': 'Create a portal to Bandle City under a random unit on your bench. They are summoned to the battlefield with @ModifiedBonusMana@ (%i:scaleAP%) bonus Mana and are...slightly smaller?<br><br>If there are no units left on your bench, Ryze summons a high tier unit from the shop instead.', 'icon': 'ASSETS/Characters/TFT9_Ryze/HUD/Icons2D/TFT9_Ryze_R.TFT_Set9.dds', 'name': 'Realm Warp: Bandle City', 'variables': [{'name': 'BonusMana', 'value': [0.0, 25.0, 40.0, 200.0, 160.0, 200.0, 240.0]}, {'name': 'FiveCostSummonOdds', 'value': [0.0, 0.20000000298023224, 0.6000000238418579, 1.0, 0.0, 0.0, 0.0]}, {'name': 'FourCostSummonOdds', 'value': [0.0, 0.30000001192092896, 0.4000000059604645, 0.0, 0.0, 0.0, 0.0]}]}","{'armor': 30.0, 'attackSpeed': 0.8500000238418579, 'critChance': 0.25, 'critMultiplier': 1.399999976158142, 'damage': 50.0, 'hp': 1111.0, 'initialMana': 50.0, 'magicResist': 30.0, 'mana': 75.0, 'range': 4.0}"
Ryze,"['Wanderer', 'Invoker']",5,"{'desc': 'Create a portal to the Freljord under a random group of enemies for @PortalDuration@ seconds. The freezing winds deal <magicDamage>@ModifiedDamage@ (%i:scaleAP%)</magicDamage> magic damage to enemies within two hexes over the duration and apply Permafrost, a permanent <TFTKeyword>Chill</TFTKeyword>.<br><br>If enemies are already affected by Permafrost, they are instead Stunned for the duration.<br><br><tftitemrules><tftbold>Chill:</tftbold> Reduce Attack Speed by @AttackSpeedSlow*100@%</tftitemrules>', 'icon': 'ASSETS/Characters/TFT9_Ryze/HUD/Icons2D/TFT9_Ryze_R.TFT_Set9.dds', 'name': 'Realm Warp: Freljord', 'variables': [{'name': 'Damage', 'value': [0.0, 300.0, 450.0, 2000.0, 0.0, 0.0, 0.0]}, {'name': 'PortalDuration', 'value': [3.0, 3.0, 3.0, 3.0, 3.0, 3.0, 3.0]}, {'name': 'AttackSpeedSlow', 'value': [0.30000001192092896, 0.30000001192092896, 0.30000001192092896, 0.30000001192092896, 0.30000001192092896, 0.30000001192092896, 0.30000001192092896]}]}","{'armor': 30.0, 'attackSpeed': 0.8500000238418579, 'critChance': 0.25, 'critMultiplier': 1.399999976158142, 'damage': 50.0, 'hp': 1111.0, 'initialMana': 30.0, 'magicResist': 30.0, 'mana': 65.0, 'range': 4.0}"
Ryze,"['Wanderer', 'Invoker']",5,"{'desc': 'Create a portal to Ionia in the center of the battlefield, summoning forth a Spirit Tree that affects the <scaleLevel>@NumUnits@</scaleLevel> closest units. Allies gain <TFTBonus>@BonusAttackSpeed*100@%</TFTBonus> Attack Speed for @BuffDuration@ seconds and are healed for <scaleHealth>@ModifiedHeal@ (%i:scaleAP%)</scaleHealth> over the duration. Enemies dance, Stunning them for <scaleLevel>@StunDuration@</scaleLevel> seconds.', 'icon': 'ASSETS/Characters/TFT9_Ryze/HUD/Icons2D/TFT9_Ryze_R.TFT_Set9.dds', 'name': 'Realm Warp: Ionia', 'variables': [{'name': 'NumUnits', 'value': [5.0, 5.0, 7.0, 20.0, 9.0, 10.0, 11.0]}, {'name': 'BonusAttackSpeed', 'value': [0.4000000059604645, 0.5, 0.6000000238418579, 3.0, 0.800000011920929, 0.8999999761581421, 1.0]}, {'name': 'Heal', 'value': [200.0, 400.0, 600.0, 3000.0, 1000.0, 1200.0, 1400.0]}, {'name': 'BuffDuration', 'value': [6.0, 6.0, 6.0, 6.0, 6.0, 6.0, 6.0]}, {'name': 'StunDuration', 'value': [1.5, 2.0, 2.5, 20.0, 3.5, 4.0, 4.5]}]}","{'armor': 30.0, 'attackSpeed': 0.8500000238418579, 'critChance': 0.25, 'critMultiplier': 1.399999976158142, 'damage': 50.0, 'hp': 1111.0, 'initialMana': 60.0, 'magicResist': 30.0, 'mana': 120.0, 'range': 4.0}"
Ryze,"['Wanderer', 'Invoker']",5,"{'desc': 'Create a portal to Noxus that spews out a torrent of weapons and armor, granting <scaleLevel>@NumItems@</scaleLevel> completed items to random allies with open slots, and throwing <scaleLevel>@NumAxes@</scaleLevel> axes towards random enemies that deal <magicDamage>@ModifiedDamage@ (%i:scaleAP%)</magicDamage> magic damage each.<br><br>If an ally would recieve an item while all slots are full, they instead gain a stacking @DamageAmp*100@% damage increase for the rest of combat.', 'icon': 'ASSETS/Characters/TFT9_Ryze/HUD/Icons2D/TFT9_Ryze_R.TFT_Set9.dds', 'name': 'Realm Warp: Noxus', 'variables': [{'name': 'NumItems', 'value': [2.0, 3.0, 4.0, 10.0, 6.0, 7.0, 8.0]}, {'name': 'NumAxes', 'value': [3.0, 4.0, 5.0, 12.0, 7.0, 8.0, 9.0]}, {'name': 'MagicDamage', 'value': [200.0, 150.0, 225.0, 2000.0, 400.0, 450.0, 500.0]}, {'name': 'DamageAmp', 'value': [0.10000000149011612, 0.10000000149011612, 0.10000000149011612, 0.10000000149011612, 0.10000000149011612, 0.10000000149011612, 0.10000000149011612]}]}","{'armor': 30.0, 'attackSpeed': 0.8500000238418579, 'critChance': 0.25, 'critMultiplier': 1.399999976158142, 'damage': 50.0, 'hp': 1111.0, 'initialMana': 70.0, 'magicResist': 30.0, 'mana': 120.0, 'range': 4.0}"
Ryze,"['Wanderer', 'Invoker']",5,"{'desc': 'Create a portal to Piltover that launches an enforcer grenade towards the largest clump of enemies, dealing <magicDamage>@ModifiedDamage@ (%i:scaleAP%)</magicDamage> magic damage to enemies within two hexes and creating a containment area for <scaleLevel>@AreaDuration@</scaleLevel> seconds. Enemies are unable to leave the area, and <scaleLevel>@PercentSharedDamage*100@%</scaleLevel> of the damage dealt to them is also dealt to all other enemies within.', 'icon': 'ASSETS/Characters/TFT9_Ryze/HUD/Icons2D/TFT9_Ryze_R.TFT_Set9.dds', 'name': 'Realm Warp: Piltover', 'variables': [{'name': 'Damage', 'value': [0.20000000298023224, 250.0, 375.0, 1999.0, 0.6000000238418579, 0.699999988079071, 0.800000011920929]}, {'name': 'PercentSharedDamage', 'value': [0.15000000596046448, 0.11999999731779099, 0.15000000596046448, 5.0, 0.3499999940395355, 0.4000000059604645, 0.44999998807907104]}, {'name': 'AreaDuration', 'value': [4.0, 3.0, 4.0, 8.0, 4.0, 4.0, 4.0]}]}","{'armor': 30.0, 'attackSpeed': 0.8500000238418579, 'critChance': 0.25, 'critMultiplier': 1.399999976158142, 'damage': 50.0, 'hp': 1111.0, 'initialMana': 30.0, 'magicResist': 30.0, 'mana': 100, 'range': 4.0}"
Ryze,"['Wanderer', 'Invoker']",5,"{'desc': ""Mark the strongest @NumAllies@ ally's soul(s) to be reclaimed by the Shadow Isles. After they die, they return to the battlefield with <scaleHealth>@ModifiedHealthOnReturn@ (%i:scaleAP%)</scaleHealth> of their maximum Health.<br><br>If all living allies are already marked, Ryze instead resurrects a deceased ally.<br><br> Ryze cannot resurrect himself."", 'icon': 'ASSETS/Characters/TFT9_Ryze/HUD/Icons2D/TFT9_Ryze_R.TFT_Set9.dds', 'name': 'Realm Warp: Shadow Isles', 'variables': [{'name': 'PercentHealthOnReturn', 'value': [0.0, 0.4000000059604645, 0.6000000238418579, 1.0, 0.0, 0.0, 0.0]}, {'name': 'NumAllies', 'value': [1.0, 1.0, 1.0, 10.0, 5.0, 6.0, 7.0]}]}","{'armor': 30.0, 'attackSpeed': 0.8500000238418579, 'critChance': 0.25, 'critMultiplier': 1.399999976158142, 'damage': 50.0, 'hp': 1111.0, 'initialMana': 70.0, 'magicResist': 30.0, 'mana': 110.0, 'range': 4.0}"
Ryze,"['Wanderer', 'Invoker']",5,"{'desc': 'Create a portal to Shurima, summoning a sand tornado that travels across the battlefield, dealing <magicDamage>@ModifiedDamage@ (%i:scaleAP%)</magicDamage> magic damage to enemies hit and knocking them up, Stunning them for <scaleLevel>@KnockupDuration@</scaleLevel> second.<br><br>The tornado has a chance to unearth buried treasures and gold as it travels.', 'icon': 'ASSETS/Characters/TFT9_Ryze/HUD/Icons2D/TFT9_Ryze_R.TFT_Set9.dds', 'name': 'Realm Warp: Shurima', 'variables': [{'name': 'Damage', 'value': [0.0, 150.0, 225.0, 2000.0, 0.0, 0.0, 0.0]}, {'name': 'KnockupDuration', 'value': [0.75, 1.0, 1.25, 3.0, 1.75, 2.0, 2.25]}, {'name': 'NumberOfLootRolls', 'value': [3.0, 3.0, 3.0, 3.0, 3.0, 3.0, 3.0]}, {'name': 'ChanceToSpawnGold', 'value': [0.25, 0.20000000298023224, 0.3499999940395355, 1.0, 0.25, 0.25, 0.25]}, {'name': 'ChanceToSpawnItem', 'value': [0.25, 0.019999999552965164, 0.05000000074505806, 0.30000001192092896, 0.25, 0.25, 0.25]}, {'name': 'MinGold', 'value': [1.0, 1.0, 1.0, 1.0, 1.0, 1.0, 1.0]}, {'name': 'MaxGold', 'value': [4.0, 4.0, 4.0, 4.0, 4.0, 4.0, 4.0]}]}","{'armor': 30.0, 'attackSpeed': 0.8500000238418579, 'critChance': 0.25, 'critMultiplier': 1.399999976158142, 'damage': 50.0, 'hp': 1111.0, 'initialMana': 90.0, 'magicResist': 30.0, 'mana': 150.0, 'range': 4.0}"
Ryze,"['Wanderer', 'Invoker']",5,"{'desc': ""Create a portal to the skies above Mount Targon that beckons the current target. After a few seconds, they descend from the heavens as a meteor towards the largest group of enemies, dealing <magicDamage>@ModifiedPercentMaxHealth@ (%i:scaleAP%)</magicDamage> of the the initial target's maximum Health as magic damage. Enemies in the epicenter are briefly knocked up.<br><br>If the target is the only enemy remaining, they never descend."", 'icon': 'ASSETS/Characters/TFT9_Ryze/HUD/Icons2D/TFT9_Ryze_R.TFT_Set9.dds', 'name': 'Realm Warp: Targon', 'variables': [{'name': 'PercentMaxHealth', 'value': [0.20000000298023224, 0.15000000596046448, 0.20000000298023224, 1.0, 0.6000000238418579, 0.699999988079071, 0.800000011920929]}, {'name': 'DamageHexRadius', 'value': [2.0, 2.0, 2.0, 4.0, 2.0, 2.0, 2.0]}, {'name': 'KnockUpRadius', 'value': [1.0, 1.0, 1.0, 2.0, 1.0, 1.0, 1.0]}, {'name': 'StunDuration', 'value': [0.10000000149011612, 0.10000000149011612, 0.10000000149011612, 0.10000000149011612, 0.10000000149011612, 0.10000000149011612, 0.10000000149011612]}, {'name': 'ThreeStarStarfallDamage', 'value': [0.0, 0.0, 0.0, 999.0, 0.0, 0.0, 0.0]}]}","{'armor': 30.0, 'attackSpeed': 0.8500000238418579, 'critChance': 0.25, 'critMultiplier': 1.399999976158142, 'damage': 50.0, 'hp': 1111.0, 'initialMana': 10.0, 'magicResist': 30.0, 'mana': 100, 'range': 4.0}"
Ryze,"['Wanderer', 'Invoker']",5,"{'desc': 'Create <scaleLevel>@NumPortals@</scaleLevel> portals to Zaun, causing hired guns to fire at nearby enemies. Deals <magicDamage>@ModifiedDamage@ (%i:scaleAP%)</magicDamage> magic damage and <TFTKeyword>Wounds</TFTKeyword>, 40% <TFTKeyword>Shreds</TFTKeyword>, and 40% <TFTKeyword>Sunders</TFTKeyword> for @DebuffDuration@ seconds. The more gold you have, the more powerful the portals become.<br><br><spellPassive>@Breakpoint1Gold@ Gold:</spellPassive> +@Breakpoint1BonusPortals@ portal. Portals fire a rocket that deals @SplashDamagePercent*100@% damage in a one-hex radius.<br><spellPassive>@Breakpoint2Gold@ Gold:</spellPassive> Double the portals. Summon @Breakpoint2BonusPortalsPerGold@ additional portals for every @GoldPerPortal@ Gold more.<br><br><rules><tftbold>Wound:</tftbold> Reduce healing received by 50%<br><tftbold>Shred:</tftbold> Reduce Magic Resist<br><tftbold>Sunder:</tftbold> Reduce Armor</rules>', 'icon': 'ASSETS/Characters/TFT9_Ryze/HUD/Icons2D/TFT9_Ryze_R.TFT_Set9.dds', 'name': 'Realm Warp: Zaun', 'variables': [{'name': 'NumPortals', 'value': [1.0, 3.0, 6.0, 25.0, 5.0, 6.0, 7.0]}, {'name': 'Damage', 'value': [100.0, 155.0, 230.0, 2006.0, 500.0, 600.0, 700.0]}, {'name': 'DebuffDuration', 'value': [6.0, 6.0, 6.0, 6.0, 6.0, 6.0, 6.0]}, {'name': 'SplashDamagePercent', 'value': [0.5, 0.5, 0.5, 0.5, 0.5, 0.5, 0.5]}, {'name': 'Breakpoint1Gold', 'value': [25.0, 25.0, 25.0, 25.0, 25.0, 25.0, 25.0]}, {'name': 'Breakpoint2Gold', 'value': [50.0, 50.0, 50.0, 50.0, 50.0, 50.0, 50.0]}, {'name': 'Breakpoint1BonusPortals', 'value': [1.0, 1.0, 1.0, 1.0, 1.0, 1.0, 1.0]}, {'name': 'Breakpoint2BonusPortalsPerGold', 'value': [1.0, 1.0, 1.0, 1.0, 1.0, 1.0, 1.0]}, {'name': 'GoldPerPortal', 'value': [15.0, 15.0, 15.0, 15.0, 15.0, 15.0, 15.0]}]}","{'armor': 30.0, 'attackSpeed': 0.8500000238418579, 'critChance': 0.25, 'critMultiplier': 1.399999976158142, 'damage': 50.0, 'hp': 1111.0, 'initialMana': 50.0, 'magicResist': 30.0, 'mana': 90.0, 'range': 4.0}"
Void Totem,[],11,"{'desc': None, 'icon': 'ASSETS/Characters/TFT9_VoidTotem/HUD/Icons2D/TFT9_VoidTotem_EyeOfTheStorm.TFT_Set9.dds', 'name': None, 'variables': []}","{'armor': 0.0, 'attackSpeed': 1.0, 'critChance': 0.25, 'critMultiplier': 1.399999976158142, 'damage': 0.0, 'hp': 1.0, 'initialMana': 0, 'magicResist': None, 'mana': 0.0, 'range': 1.0}"
Baron Nashor,[],8,"{'desc': '<spellPassive>Passive:</spellPassive> Cast every @CastCadence@ attacks and cycle between 3 different Abilities: this, <tftbonus>Voracious Bite</tftbonus> (damage an enemy and heal), and <tftbonus>Void Tentacle</tftbonus> (damage and Stun a group).<br><br><spellActive>Active:</spellActive> Lob three pools of acid towards the largest group of enemies, dealing <magicDamage>@ModifiedDamage@ (%i:scaleAP%)</magicDamage> magic damage and @TooltipShred@% <TFTKeyword>Shredding</TFTKeyword> and <TFTKeyword>Sundering</TFTKeyword> for @DebuffDuration@ seconds.<br><br><rules><tftbold>Shred:</tftbold> Reduce Magic Resist<br><tftbold>Sunder:</tftbold> Reduce Armor</rules>', 'icon': 'ASSETS/Characters/TFT9_BaronNashor/HUD/TFT9_BaronNashor_Square.TFT_Set9.dds', 'name': 'Corrosive Acid', 'variables': []}","{'armor': 200.0, 'attackSpeed': 0.699999988079071, 'critChance': 0.25, 'critMultiplier': 1.399999976158142, 'damage': 300.0, 'hp': 1200.0, 'initialMana': 0, 'magicResist': 200.0, 'mana': 2.0, 'range': 9.0}"
Rift Herald,[],11,"{'desc': 'Charge toward the furthest enemy and crash into the first enemy hit. Deal <magicDamage>@ModifiedMagicDamage@ (%i:scaleAP%)</magicDamage> magic damage to enemies adjacent to the impact and Stun them for @StunDuration@ seconds.', 'icon': 'ASSETS/Characters/TFT9_RiftHerald/HUD/TFT9_RiftHerald_Square.TFT_Set9.dds', 'name': 'Void Charge', 'variables': []}","{'armor': 100.0, 'attackSpeed': 0.6000000238418579, 'critChance': 0.25, 'critMultiplier': 1.399999976158142, 'damage': 250.0, 'hp': 900.0, 'initialMana': 60.0, 'magicResist': 100.0, 'mana': 120.0, 'range': 1.0}"
Void Remora,[],11,"{'desc': 'Gain <TFTBonus>@ModifiedShield@ (%i:scaleAP%)</TFTBonus> Shield for @Duration@ seconds. When it expires, deal <magicDamage>@ModifiedDamage@ (%i:scaleAP%)</magicDamage> magic damage to adjacent enemies. ', 'icon': 'ASSETS/Characters/TFT9_VoidRemora/HUD/TFT9_VoidRemora_Square.TFT_Set9.dds', 'name': 'Void Shield', 'variables': []}","{'armor': 40.0, 'attackSpeed': 0.699999988079071, 'critChance': 0.25, 'critMultiplier': 1.399999976158142, 'damage': 70.0, 'hp': 400.0, 'initialMana': 50.0, 'magicResist': 40.0, 'mana': 100, 'range': 1.0}"
